,ask_price_0,ask_price_1,ask_price_2,ask_price_3,ask_price_4,ask_price_5,ask_price_6,ask_price_7,ask_price_8,ask_price_9,ask_size_0,ask_size_1,ask_size_2,ask_size_3,ask_size_4,ask_size_5,ask_size_6,ask_size_7,ask_size_8,ask_size_9,bid_price_0,bid_price_1,bid_price_2,bid_price_3,bid_price_4,bid_price_5,bid_price_6,bid_price_7,bid_price_8,bid_price_9,bid_size_0,bid_size_1,bid_size_2,bid_size_3,bid_size_4,bid_size_5,bid_size_6,bid_size_7,bid_size_8,bid_size_9
2022-03-02 23:55:00,43913.86,43913.87,43915.07,43916.43,43918.93,43919.37,43920.21,43921.1,43921.71,43923.05,0.01,0.3944703,0.36148968,0.052,0.00568582,0.08138443,0.95149377,0.15,0.05945039,0.03336909,43894.42,43893.55,43890.08,43889.68,43885.04,43885.03,43883.68,43883.67,43882.05,43880.29,0.09,0.057,0.052,0.03487471,0.08569513,0.75796803,0.02276966,0.02276966,0.06,0.566
2022-03-02 23:55:00,43846.67,43847.77,43849.37,43852.08,43852.56,43853.7,43855.82,43857.24,43857.4,43859.05,0.057,0.47875737,0.0834565,0.38807429,0.03375873,0.49154929,0.02280377,0.02280317,0.566,0.04749685,43829.28,43828.99,43825.14,43825.13,43820.28,43818.41,43816.69,43816.62,43816.43,43815.55,0.09,0.052,0.26742132,0.77930188,0.03424263,0.02378073,0.09927787,0.04756145,0.057,0.02280519
2022-03-02 23:55:00,43945.49,43947.08,43947.45,43949.87,43952.13,43954.13,43955.68,43955.69,43955.7,43955.71,0.057,0.052,0.566,0.45577867,0.04768129,0.08581035,0.39316107,0.15,0.02275364,0.02275363,43934.23,43931.27,43915.31,43914.77,43914.56,43914.55,43913.41,43907.21,43907.2,43907.18,0.3787824,0.39291138,0.02275475,0.02275501,0.09692402,0.03425998,0.00568582,0.01408301,0.14024382,0.26742132
2022-03-03,43919.53,43924.24,43924.25,43925.31,43928.24,43933.69,43933.7,43933.71,43939.29,43939.62,0.057,0.01,0.36841399,0.566,0.37848329,0.11627714,0.15,0.00203854,0.04750618,0.02276152,43904.74,43904.55,43902.68,43900.93,43900.57,43898.72,43897.38,43893.68,43891.44,43891.43,0.09,0.04265702,0.26742132,0.03500372,0.38836858,0.04552666,0.11627714,0.39275433,0.08067911,0.05690289
2022-03-03,43853.68,43853.71,43853.72,43853.73,43856.62,43857.06,43858.89,43865.45,43865.46,43866.12,0.09,0.01,0.20458755,0.17348935,0.052,0.36563995,0.04,0.39087715,0.15,0.02279944,43832.4,43832.39,43830.49,43830.08,43828.59,43827.27,43825.03,43823.93,43823.92,43823.1,0.07541245,0.76329222,0.052,0.00568582,0.0423946,0.057,0.02280134,0.07917784,0.02280152,0.03339775
2022-03-03,43798.69,43798.7,43799.76,43799.77,43800.37,43804.94,43804.96,43809.62,43809.66,43810.05,0.28,0.052,0.39021837,0.39624505,0.05026206,0.07185505,0.00210825,0.04565516,0.04748826,0.17881458,43776.53,43774.35,43774.33,43772.2,43771.73,43770.05,43768.25,43765.75,43765.74,43764.34,0.09,0.052,0.331,0.07439321,0.02282758,0.057,0.0347856,0.3823566,0.02378073,0.04
2022-03-03,43802.67,43804.25,43804.26,43805.94,43805.95,43806.27,43806.87,43806.88,43814.82,43815.42,0.052,0.01,0.09,0.28,0.09,0.04167666,0.39090593,0.37737195,0.00199141,0.08742934,43788.43,43782.71,43782.7,43779.15,43778.57,43777.51,43777.5,43775.77,43775.76,43772.99,0.057,0.0025,0.06,0.04,0.04564808,0.0348828,0.39131238,0.08742934,0.36396252,0.04750355
2022-03-03,43805.53,43805.54,43806.7,43806.91,43807.99,43811.26,43811.46,43812.46,43812.47,43812.77,2.08,0.09,0.052,0.09,0.0413719,0.06692033,0.01,0.28,0.3840677,0.057,43789.74,43787.22,43783.76,43783.09,43779.83,43779.66,43777.99,43777.98,43774.6,43772.45,0.38719919,0.36503377,0.04,0.03373312,0.02282302,0.057,0.0688234,0.04750355,0.17875422,0.04765702
2022-03-03 00:06:00,43785.67,43785.7,43785.72,43789.38,43789.39,43789.4,43792.8,43792.81,43796.83,43798.56,0.052,0.052,0.09,0.01,0.28,0.3680191,0.0728529,0.057,0.42430662,0.02283172,43771.74,43765.8,43765.79,43762.95,43762.94,43762.87,43762.56,43761.04,43760.99,43758.81,0.03348683,0.0015,0.38855822,0.39794496,0.057,0.17879758,0.01190887,0.02283174,0.02283176,0.0728529
2022-03-03 00:06:00,43733.5,43733.51,43733.52,43737.31,43738.02,43741.75,43741.76,43747.27,43749.3,43751.27,0.01,0.28,0.3674424,0.38462358,0.04436613,0.07588711,0.15,0.00218473,0.02285875,0.057,43713.29,43713.13,43713.12,43710.84,43708.68,43708.34,43707.78,43707.43,43704.49,43704.48,0.02285789,0.0015,0.09,0.052,0.07481087,0.76459964,0.03453118,0.07863343,0.00210636,0.06
2022-03-03 00:06:00,43736.24,43739.41,43739.49,43746.07,43746.08,43746.66,43746.68,43746.69,43747.64,43749.07,0.052,0.3797661,0.09,0.09684382,0.04,0.28,0.37184466,0.02286012,0.02285986,0.0999964,43722.11,43711.71,43711.58,43711.49,43711.48,43707.68,43706.8,43705.72,43704.5,43704.38,0.03487538,0.02285914,0.0228592,0.09684382,0.052,0.76152636,0.4401405,0.00210603,0.02382851,0.05
2022-03-03 00:06:00,43710.45,43713.03,43714.53,43714.64,43716.8,43716.82,43716.83,43716.84,43719.66,43719.67,0.057,0.052,0.052,0.09,0.12151877,0.28,0.01,0.37379101,0.37853345,0.03361263,43693.15,43692.06,43686.9,43685.37,43682.1,43682.09,43680.44,43678.91,43678.9,43677.42,0.39937264,0.37429003,0.02287434,0.00568582,0.0021065,0.04743893,0.03485986,0.12151877,0.15,0.057
2022-03-03 00:10:00,43740.38,43744.04,43744.94,43746.21,43748.08,43748.38,43751.1,43751.11,43754.59,43757.07,0.73909363,0.099967,0.04888094,0.03456069,0.00568582,0.00186765,0.08321755,0.04746022,0.13051609,0.05968615,43723.08,43723.07,43718.13,43718.1,43717.66,43714.54,43714.5,43714.47,43712.92,43712.89,0.057,0.09,0.02285858,0.02285859,0.09951682,0.28,0.39056559,0.39989363,0.04,0.03412714
2022-03-03 00:10:00,43743.22,43743.23,43745.66,43747.27,43747.28,43747.96,43750.38,43752.2,43753.32,43754.07,0.01,0.78455153,0.04725391,0.03437653,0.1402084,0.00193948,0.52061609,0.02286044,0.057,0.01188645,43723.8,43721.73,43721.72,43721.71,43721.7,43719.54,43718.52,43717.76,43715.4,43709.76,0.09,0.09367418,0.39306854,0.057,0.09,0.36172944,0.052,0.04,0.04571984,0.28
2022-03-03 00:10:00,43715.79,43717.44,43719.09,43719.1,43720.59,43720.6,43724.31,43724.6,43724.89,43727.12,0.09,0.052,0.01,0.09,0.11736548,0.36645061,0.39759644,0.03486997,0.057,0.04380975,43697.54,43695.53,43693.96,43693.95,43693.88,43692.21,43692.2,43692.13,43688.52,43688.47,0.057,0.03511062,0.0015,0.38468979,0.04,0.00210652,0.38287771,0.02287198,0.01415375,0.11736548
2022-03-03 00:10:00,43752.5,43754.72,43755.58,43757.95,43761.87,43761.88,43764.42,43768.45,43768.94,43773.75,0.057,0.052,0.38715736,0.37778467,0.09810923,0.571,0.14018406,0.0020438,0.03503985,0.02284833,43733.36,43733.27,43733.26,43732.67,43732.18,43731.95,43731.92,43728.14,43724.53,43724.52,0.09,0.0015,0.36591968,0.03459008,0.055,0.36748889,0.0457009,0.0404569,0.09810923,0.11424162
2022-03-03 00:10:00,43805.14,43811.74,43820.54,43822.53,43826.22,43829.44,43830.9,43831.04,43836.66,43842.14,0.052,0.37821436,0.06648241,0.02282311,0.00216492,0.17879489,0.4401405,0.03452713,0.13110948,0.037,43793.72,43793.71,43784.98,43781.89,43774.61,43774.59,43770.81,43768.62,43767.87,43767.56,1.302,0.09,0.59442721,0.02282311,0.15,0.052,0.00205744,0.228,0.0015,0.052
2022-03-03 00:16:00,43852.82,43853.63,43853.64,43853.89,43853.9,43854.91,43855.85,43855.96,43856.16,43857.99,0.09,0.38809154,0.06052374,0.36222564,0.03450271,0.052,0.00203919,0.08406542,0.04,0.01190965,43828.81,43824.19,43824.18,43823.75,43823.48,43822.1,43820.56,43820.46,43816.47,43814.56,0.09,0.08406542,0.052,0.0422119,0.02280211,0.02280282,0.286,0.36125264,0.014113,0.51187121
2022-03-03 00:16:00,43844.01,43844.02,43849.53,43851.05,43851.25,43851.72,43852.47,43853.23,43853.9,43855.84,0.1,0.75510841,0.07087717,0.04561508,0.04250541,0.057,0.46910506,0.06051161,0.03450271,0.00218877,43820.84,43820.83,43820.82,43820.81,43820.68,43820.67,43819.02,43818.23,43817.92,43817.4,0.057,0.006,0.28,0.09,0.39316846,0.09,0.07339362,0.39722969,0.03337939,0.04
2022-03-03 00:16:00,43813.71,43818.47,43818.48,43818.49,43819.89,43822.12,43826.47,43826.48,43826.5,43830.26,0.0524393,0.01,0.11439344,0.36680104,0.03502922,0.052,0.06036673,0.36651536,0.571,0.00194867,43795.4,43794.39,43794.38,43793.66,43793.2,43792.56,43792.55,43790.37,43790.12,43790.11,0.09,0.006,0.02281719,0.02281767,0.052,0.06072976,0.09,0.16560656,0.7708139,0.03435652
2022-03-03 00:16:00,43863.63,43864.12,43864.14,43864.35,43866.5,43866.51,43872.9,43872.91,43873.63,43874.47,0.052,0.39010947,0.3755573,0.03447019,0.07973091,0.04242254,0.14144711,0.00189927,0.02279549,0.036,43839.96,43837.05,43837.04,43837.03,43836.73,43833.78,43832.47,43831.2,43831.19,43830.08,0.09,0.006,0.28,0.77653929,0.0227951,0.04,0.571,0.07973091,0.45476309,0.03371923
2022-03-03 00:21:00,43854.64,43854.66,43854.67,43857.37,43860.72,43863.37,43864.34,43865.3,43866.77,43866.97,0.09,0.01,0.37804649,0.39235712,0.057,0.08010282,0.04,0.03355162,0.00189458,0.02279824,43833.22,43833.2,43833.12,43832.3,43830.88,43829.82,43828.94,43822.38,43821.87,43821.86,0.057,0.28,0.38990205,0.36300755,0.04221136,0.03426787,0.04559702,0.00568582,0.08413191,0.052
2022-03-03 00:21:00,43850.61,43851.21,43852.81,43853.28,43854.5,43857.82,43858.5,43860.06,43860.28,43861.85,0.09,0.057,0.09,0.03346242,0.07908078,0.04,0.36646304,0.0228013,0.02280116,0.17859789,43829.82,43827.42,43827.41,43827.39,43826.24,43825.97,43823.32,43821.06,43821.05,43821.03,0.03364981,0.01,0.28,0.76831031,0.04193617,0.00568582,0.057,0.47838747,0.45455623,0.04560432
2022-03-03 00:21:00,43845.04,43848.71,43848.72,43850.41,43851.64,43851.87,43852.9,43852.91,43854.13,43855.57,0.09,0.01,0.057,0.02280346,0.02280245,0.08933985,0.39150075,0.052,0.03435479,0.04,43829.89,43829.88,43829.82,43824.32,43821.09,43815.76,43815.75,43815.73,43815.2,43815.19,0.01,0.7466844,0.03364981,0.04305612,0.057,0.09712634,0.28,0.04560466,0.01411287,0.15
2022-03-03 00:21:00,43816.76,43816.81,43819.64,43820.5,43823.66,43823.67,43823.76,43823.79,43825.52,43826.1,0.09,0.37668986,0.02282105,0.02282073,0.07072492,0.38220414,0.04594065,0.057,0.41945157,0.00186579,43800.76,43796.82,43795.46,43795.45,43795.43,43793.97,43793.73,43792.13,43785.84,43785.83,0.00011,0.03439037,0.01,0.28,0.39256679,0.39126227,0.057,0.04,0.07072492,0.03342295
2022-03-03 00:21:00,43885.96,43888.3,43888.31,43889.63,43890.16,43890.17,43892.0,43892.16,43892.83,43894.75,0.09,0.01,0.03491246,0.052,0.06293533,0.3736578,0.02278494,0.02278484,0.04,0.03953857,43868.92,43864.94,43864.93,43864.04,43863.42,43863.18,43854.02,43854.01,43852.22,43852.0,0.057,0.01,0.28,0.76857891,0.05182538,0.0349348,0.06279748,0.571,0.02278605,0.03424496
2022-03-03 00:26:00,43880.38,43880.39,43886.6,43888.31,43894.06,43894.07,43894.23,43894.99,43896.24,43896.25,0.09,0.38466894,0.04287193,0.03491246,0.07877103,0.36867212,0.04556712,0.01189912,0.06069383,0.057,43861.85,43861.84,43860.62,43858.6,43856.06,43854.81,43853.65,43853.27,43853.23,43850.59,0.067,0.28,0.76547749,0.07494012,0.04,0.02278452,0.02278509,0.03425637,0.571,0.15
2022-03-03 00:26:00,43885.75,43886.57,43886.58,43886.59,43886.69,43889.15,43889.16,43889.72,43891.99,43892.26,0.09,0.01,0.1139258,0.09,0.134,0.10782161,0.057,0.64036652,0.052,0.53786807,43863.65,43863.52,43863.51,43863.5,43863.23,43858.07,43857.72,43857.71,43856.82,43854.1,0.09,0.01,0.1660742,0.04,0.75465051,0.00568582,0.10905684,0.03355823,0.0455658,0.01410053
2022-03-03 00:26:00,43900.64,43901.28,43904.43,43904.44,43904.45,43906.45,43906.46,43906.6,43907.23,43907.57,0.09,0.03462203,0.1139258,0.74936039,0.04267036,0.01,0.06068247,0.052,0.53786807,0.08268301,43880.42,43880.41,43877.1,43876.6,43873.98,43872.91,43872.9,43872.32,43872.15,43869.53,0.057,0.09,0.052,0.08268301,0.02277414,0.1660742,0.39304447,0.03481001,0.04,0.02277633
2022-03-03 00:26:00,43933.91,43934.1,43938.94,43940.97,43940.98,43940.99,43941.3,43941.31,43946.46,43946.47,0.09,0.03379485,0.04,0.01,0.1139258,0.052,0.75969811,0.06086692,0.11724819,0.057,43913.9,43913.89,43913.06,43913.05,43912.26,43912.13,43911.44,43910.88,43910.38,43908.82,0.057,0.052,0.01,0.1660742,0.09,0.04656934,0.11724819,0.38970883,0.04551218,0.03393014
2022-03-03 00:30:00,43923.96,43923.97,43926.38,43928.71,43928.72,43932.71,43935.53,43936.62,43937.99,43938.69,0.05478404,0.75203109,0.05956012,0.09822391,0.057,0.5269119,0.02276254,0.02276202,0.03376942,0.00207637,43902.06,43902.02,43901.96,43901.95,43901.17,43900.95,43896.46,43896.11,43896.03,43886.63,0.052,0.09,0.01,0.77700225,0.03439623,0.057,0.02276336,0.00568582,0.0227636,0.1110611
2022-03-03 00:30:00,43998.34,43998.35,43999.72,44003.67,44004.13,44005.88,44005.89,44005.91,44007.22,44013.06,0.057,0.09,0.01,0.052,0.03455382,0.08868344,0.05478404,0.571,0.38804311,0.05,43982.54,43982.45,43980.1,43978.07,43970.71,43970.7,43966.82,43966.01,43963.9,43961.13,0.22521596,0.38553019,0.37006725,0.03437396,0.09405093,0.0404521,0.00568582,0.03396408,0.057,0.05680982
2022-03-03 00:30:00,43966.62,43966.73,43966.74,43971.46,43971.47,43971.66,43971.85,43971.86,43973.23,43973.32,0.09,0.01,0.057,0.07563776,0.05478404,1.075,0.39913019,0.37675963,0.0227403,0.02274028,43945.21,43944.44,43944.43,43944.41,43937.22,43936.49,43935.84,43935.82,43933.02,43928.21,0.052,0.01,0.36583666,0.36677215,0.07500984,0.057,0.15,0.05683048,0.02274208,0.22521596
2022-03-03 00:30:00,43954.38,43962.04,43962.05,43962.06,43966.72,43967.64,43967.65,43969.1,43969.16,43969.44,0.057,0.01,0.05478404,0.76352199,0.00568582,0.07824398,0.02274534,0.00201993,0.02274444,0.571,43934.99,43934.23,43934.22,43934.2,43934.19,43933.39,43932.07,43928.38,43928.37,43928.31,0.052,0.01,0.22521596,0.39929005,0.3802226,0.02274345,0.03462434,0.0794386,0.057,0.02274612
2022-03-03 00:30:00,43939.48,43939.49,43941.67,43943.14,43943.19,43944.27,43944.33,43944.84,43948.61,43948.62,0.057,0.09,0.05478404,0.02275828,0.02275824,0.48083362,0.47609536,0.01,0.07753943,0.052,43925.33,43924.48,43920.43,43911.8,43911.79,43909.34,43909.17,43905.68,43904.88,43904.87,0.36044652,0.36572171,0.03458635,0.07753943,0.15,0.03405489,0.02375272,0.057,0.01408411,0.22521596
2022-03-03 00:34:00,43925.54,43926.11,43926.12,43932.01,43932.02,43932.03,43932.05,43934.31,43934.88,43935.08,0.09,0.057,0.09,0.09226142,0.05478404,0.37811734,0.052,0.00568582,0.03393522,0.39484706,43906.19,43906.18,43905.87,43905.75,43903.43,43899.54,43899.53,43899.51,43896.31,43895.44,0.01,0.36016106,0.04,0.03402402,0.052,0.22521596,0.39809036,0.15,0.02276361,0.02276401
2022-03-03 00:34:00,43926.74,43928.93,43928.94,43931.64,43931.65,43933.31,43933.33,43933.36,43934.86,43934.87,0.09,0.1,0.09,0.02276479,0.02276479,0.01,0.05478404,0.39530028,0.08581176,0.38881014,43910.74,43910.56,43910.52,43897.73,43897.72,43895.51,43894.27,43893.79,43893.54,43893.53,0.04,0.36287298,0.38676228,0.08116431,0.04552584,0.05,0.03397042,0.00202754,0.22521596,0.571
2022-03-03 00:34:00,43920.99,43921.0,43921.01,43923.6,43927.16,43927.17,43927.18,43927.19,43927.89,43927.9,0.09,0.057,0.09,0.052,0.09129866,0.05478404,0.37840762,0.37325144,0.052,0.02276634,43900.38,43899.41,43899.4,43899.39,43898.28,43891.19,43891.18,43889.97,43889.94,43889.46,0.052,0.23521596,0.75988966,0.15,0.00568582,0.09129866,0.03459454,0.02276657,0.02276658,0.057
2022-03-03 00:34:00,43945.99,43948.18,43948.19,43949.52,43949.53,43950.22,43950.53,43950.72,43950.74,43951.06,0.09,0.05478404,0.09,0.06486012,0.02275538,0.45133263,0.052,0.01,0.46020846,0.05118557,43931.39,43928.31,43927.1,43927.09,43927.08,43924.56,43921.09,43918.16,43918.15,43916.33,0.03403434,0.04,0.01,0.22521596,0.77474338,0.057,0.00568582,0.06486012,0.03487479,0.15
2022-03-03 00:34:00,43948.89,43951.07,43951.08,43952.07,43952.08,43952.12,43952.28,43953.07,43956.82,43956.84,0.09,0.01,0.04550896,0.07901525,0.09,0.03384253,0.04186287,0.057,0.0323732,0.052,43927.92,43927.91,43927.08,43925.64,43921.65,43919.91,43919.72,43919.71,43915.37,43914.64,0.01,0.2476268,0.77474338,0.04,0.057,0.45041242,0.07925715,0.45600457,0.0340967,0.02275384
2022-03-03 00:37:00,43939.64,43944.24,43944.25,43947.09,43947.1,43948.07,43949.85,43949.94,43949.95,43950.27,0.09,0.01,0.057,0.04174436,0.38146915,0.39044537,0.38202657,0.06681835,0.38298633,0.0349866,43924.68,43924.67,43921.56,43916.66,43915.95,43915.94,43912.28,43912.23,43911.62,43910.67,0.01,0.75906315,0.04,0.23825564,0.11591602,0.48681958,0.02275587,0.02275589,0.057,0.15
2022-03-03 00:37:00,43952.68,43954.87,43954.88,43957.06,43959.67,43959.68,43959.89,43960.21,43962.82,43964.87,0.09,0.04174436,0.09,0.01,0.07185042,0.052,0.04340116,0.03400905,0.37851703,0.37284777,43933.83,43933.18,43933.17,43931.27,43930.82,43928.56,43926.23,43922.7,43920.19,43920.18,0.23825564,0.76252444,0.15,0.04,0.00568582,0.03463818,0.02274922,0.11088395,0.01407886,0.05
2022-03-03 00:37:00,43993.95,43997.26,43997.27,43997.28,43999.89,43999.9,44000.89,44002.93,44003.11,44004.25,0.09,0.01,0.04174436,0.39073014,0.07573184,0.057,0.03485357,0.37080866,0.02272844,0.15,43974.64,43972.77,43972.64,43968.76,43965.66,43965.59,43964.0,43963.99,43960.91,43960.9,0.04,0.23825564,0.74682271,0.057,0.02272844,0.02272845,0.07655018,0.0347837,0.4576396,0.15
2022-03-03 00:37:00,43989.66,43998.25,43998.26,43998.27,43999.55,44000.88,44005.04,44005.95,44006.5,44011.89,0.057,0.04174436,0.01,0.39587309,0.06713533,0.38419001,0.571,0.03466435,0.04545236,0.00201822,43975.86,43975.85,43975.77,43974.44,43968.27,43967.4,43966.44,43966.16,43964.44,43964.43,0.24825564,0.39096435,0.36005693,0.04,0.00568582,0.48797004,0.04545428,0.15,0.06362186,0.03400284
2022-03-03 00:46:00,43968.38,43968.39,43968.42,43974.08,43974.09,43974.11,43977.69,43977.89,43978.78,43979.92,0.057,0.052,0.09,0.04174436,0.07156873,0.36552587,0.39721733,0.04548155,0.03335971,0.06,43950.23,43950.22,43948.77,43948.76,43944.29,43941.54,43941.43,43938.38,43937.39,43935.97,0.01,0.23825564,0.39828885,0.37445118,0.0334689,0.0227401,0.48940689,0.07156873,0.02274212,0.057
2022-03-03 00:46:00,43989.72,43990.93,43990.95,43992.58,43992.59,43993.34,43993.66,43997.73,43997.74,43997.77,0.09,0.02273379,0.02273378,0.01,0.09149739,0.052,0.04782181,0.07467509,0.04174436,0.77224196,43970.79,43970.78,43970.55,43970.48,43964.05,43963.43,43961.84,43959.06,43959.05,43955.51,0.338,0.23825564,0.37986888,0.38405931,0.04,0.06547654,0.057,0.15,0.03453281,0.15
2022-03-03 00:46:00,43988.94,43989.16,43992.99,43994.26,43994.49,43995.1,43997.41,43997.42,43997.43,43997.89,0.09,0.057,0.045,0.02273183,0.02273174,0.04613106,0.04174436,0.08965849,0.0338732,0.46561504,43975.91,43968.07,43964.59,43960.84,43959.4,43959.05,43955.51,43952.93,43952.92,43952.91,0.73775494,0.04,0.0967994,0.057,0.23825564,0.03453281,0.15,0.15,0.02273371,0.02273371
2022-03-03 00:46:00,44004.74,44004.75,44006.92,44008.67,44008.68,44009.03,44009.16,44013.13,44013.14,44013.88,0.33166379,0.09,0.052,0.01,0.02272423,0.02272405,0.03364084,0.39035851,0.03729026,0.00568582,43984.3,43983.61,43980.22,43977.38,43971.74,43971.6,43966.93,43966.49,43966.38,43966.07,0.28,0.76038954,0.04,0.03407391,0.08320581,0.02272405,0.01406311,0.15,0.03446908,0.00213526
2022-03-03 00:46:00,43976.88,43983.02,43984.67,43984.68,43987.16,43987.27,43987.72,43987.83,43988.53,43990.99,0.057,0.03475593,0.01,0.12079405,0.76801222,0.04915577,0.02273526,0.0227352,0.052,0.571,43962.09,43962.05,43962.04,43957.51,43955.94,43955.51,43953.27,43952.14,43950.66,43950.65,0.28,0.01,0.76038621,0.04,0.00568582,0.15,0.43846416,0.15,0.12082561,0.04546982
2022-03-03 00:50:00,43966.5,43966.62,43967.24,43967.65,43969.51,43971.21,43972.03,43972.95,43972.96,43973.78,0.09,0.02274582,0.29104,0.057,0.02274428,0.04948356,0.052,0.79041198,0.06,0.044,43946.19,43946.17,43940.62,43938.23,43938.22,43937.31,43931.12,43928.57,43925.61,43924.84,0.28,0.76619445,0.04,0.11755146,0.03414161,0.057,0.02274471,0.02274608,0.13918383,0.17813681
2022-03-03 00:50:00,44003.26,44003.55,44006.61,44009.14,44009.15,44009.25,44013.91,44014.04,44014.24,44014.69,0.09,0.06,0.03445288,0.08868323,0.04688164,0.79427636,0.15,0.00206405,0.02272396,0.02272234,43981.29,43980.36,43978.96,43978.54,43978.16,43978.01,43976.59,43974.76,43974.75,43974.37,0.09,0.052,0.01,0.28,0.39262558,0.04,0.75894882,0.09061031,0.46229256,0.03446821
2022-03-03 00:50:00,44063.1,44065.27,44065.28,44065.29,44065.81,44067.49,44067.5,44068.01,44070.03,44070.04,0.09,0.0055,0.1329845,0.37040011,0.09,0.38053103,0.04093744,0.126688,0.081295,0.02269081,44043.26,44043.25,44043.24,44043.0,44041.35,44034.96,44034.95,44029.94,44029.93,44029.92,0.01,0.1470155,0.379791,0.057,0.03361551,0.37927115,0.07776186,0.15,0.05487984,0.02269189
2022-03-03 00:50:00,44012.36,44013.85,44013.86,44015.36,44016.62,44016.63,44016.64,44018.77,44019.69,44021.47,0.09,0.0055,0.052,0.057,0.13456518,0.37726079,0.052,0.00190388,0.38494378,0.08481535,43989.78,43988.8,43988.79,43988.57,43988.52,43986.68,43985.65,43985.64,43983.8,43982.01,0.09,0.01,0.14543482,0.09,0.38743447,0.3866245,0.08481535,0.49121608,0.04,0.04543668
2022-03-03 00:56:00,43984.41,43992.92,43992.93,43992.94,43996.36,43998.04,43998.67,43998.68,43998.95,44000.19,0.057,0.0055,0.13456518,0.76316672,0.052,0.00189869,0.07636187,0.03328537,0.571,0.02272882,43966.88,43966.36,43964.07,43963.32,43963.3,43963.0,43962.99,43962.15,43961.9,43961.02,0.052,0.09,0.02272808,0.14543482,0.47053682,0.38735181,0.00568582,0.39514265,0.02272919,0.0752698
2022-03-03 00:56:00,43988.56,43991.73,43992.42,43998.4,43998.41,43998.42,43999.01,43999.02,44001.19,44001.68,0.09,0.057,0.052,0.13456518,0.78036846,0.052,0.06409164,0.03388524,0.02272911,0.02272886,43973.52,43973.51,43968.2,43966.29,43965.09,43965.08,43964.89,43964.87,43964.76,43964.24,0.01,0.75920003,0.00568582,0.03387783,0.14543482,0.47307272,0.06328858,0.44389579,0.04,0.04545772
2022-03-03 00:56:00,43995.88,43996.52,44000.2,44000.21,44000.22,44000.48,44000.63,44000.64,44001.53,44001.81,0.09,0.00198598,0.0055,0.13456518,0.03481426,0.052,0.37712409,0.052,0.37561471,0.04545662,43974.41,43973.52,43973.51,43971.26,43970.99,43970.21,43966.31,43966.3,43966.29,43963.42,0.09,0.01,0.052,0.14543482,0.057,0.44389579,0.09193221,0.77299607,0.03387783,0.02272872
2022-03-03 00:56:00,43985.33,43987.46,43987.47,43987.58,43994.19,43994.2,43994.21,43995.25,43995.9,43996.03,0.09,0.057,0.09,0.2721909,0.13442115,0.3832016,0.052,0.02273206,0.052,0.30102749,43972.46,43970.7,43970.69,43965.32,43963.41,43961.04,43961.03,43961.01,43957.84,43957.68,0.03482134,0.01,0.77889715,0.00568582,0.04,0.10574596,0.14557885,0.15,0.057,0.02273206
2022-03-03 00:56:00,43975.77,43976.05,43976.06,43977.46,43977.51,43977.52,43977.53,43980.49,43980.5,43985.39,0.09,0.13442115,0.36285094,0.16924588,0.0055,0.38060942,0.36380566,0.052,0.03347548,0.00568582,43954.8,43954.79,43954.78,43954.77,43953.7,43952.68,43948.41,43945.12,43944.81,43944.8,0.14557885,0.3986232,0.01,0.057,0.052,0.37074176,0.02273815,0.051,0.08195765,0.04
2022-03-03 01:01:00,43980.53,43980.54,43980.55,43981.22,43983.96,43986.67,43989.28,43989.58,43994.95,43994.96,1.06,0.0055,0.27258658,0.052,0.057,0.052,0.00215932,0.03392549,0.09119432,0.13442115,43961.92,43959.85,43959.84,43959.28,43959.27,43959.15,43958.75,43956.04,43956.03,43953.35,0.09,0.01,0.02273175,0.14557885,0.09,0.02273189,0.76270596,0.09154005,0.04,0.057
2022-03-03 01:01:00,43990.83,43993.01,43993.02,43993.07,43995.13,43995.54,43995.78,43996.99,43997.05,44002.47,0.09,0.13442115,0.27209937,0.09,0.057,0.27244389,0.0488226,0.00223796,0.39947956,0.0912872,43970.58,43969.71,43966.4,43965.8,43964.75,43963.47,43961.91,43956.24,43956.23,43955.29,0.23557885,0.75887236,0.0227289,0.04,0.057,0.03383456,0.00568582,0.09144717,0.571,0.05682224
2022-03-03 01:01:00,43992.33,44000.86,44000.87,44001.17,44004.03,44004.5,44004.51,44006.89,44010.11,44011.64,0.057,0.0055,0.13442115,0.39754542,0.37378644,0.03338766,0.65268104,0.00223432,0.04114792,0.17799591,43979.31,43979.04,43978.76,43978.74,43978.73,43978.4,43977.73,43977.01,43974.69,43974.07,0.09,0.052,0.14557885,0.01,0.38511402,0.02272295,0.0227233,0.36351639,0.03403306,0.04
2022-03-03 01:01:00,43997.36,43997.37,43997.42,43997.7,44002.06,44003.86,44006.37,44006.38,44010.39,44012.14,0.13442115,0.27267104,0.09,0.02082951,0.38474732,0.057,0.07593114,0.36471493,0.03474794,0.03334424,43980.17,43980.16,43980.11,43978.64,43978.16,43978.08,43975.42,43974.69,43972.8,43971.71,0.01,0.14557885,0.75789371,0.04,0.02272204,0.02272212,0.057,0.03403306,0.00568582,0.41068451
2022-03-03 01:04:00,43985.01,43985.02,43986.05,43986.07,43987.67,43990.61,43993.53,43997.41,43997.7,43998.98,0.0055,0.24802228,0.36177178,0.39491671,0.00568582,0.052,0.057,0.08665571,0.02082951,0.03355672,43965.09,43964.28,43964.23,43963.51,43963.49,43963.48,43963.36,43960.55,43960.54,43958.85,0.09,0.052,0.01,0.03197772,0.09,0.74549545,0.057,0.07938116,0.03391881,0.02273176
2022-03-03 01:04:00,43983.24,43985.42,43985.43,43985.44,43986.32,43986.83,43988.42,43988.52,43988.53,43988.6,0.09,0.0055,0.057,0.09,0.24802228,0.03473122,0.052,0.37174508,0.39158739,0.02273265,43964.2,43964.19,43964.18,43960.45,43953.92,43953.61,43951.63,43951.62,43951.51,43947.37,0.03197772,0.01,0.76148656,0.03455938,0.43757788,0.057,0.07305821,0.0227324,0.02273245,0.17805314
2022-03-03 01:04:00,43949.94,43949.95,43950.01,43951.96,43951.97,43958.64,43959.63,43960.95,43961.16,43961.23,0.052,0.09,0.09,0.057,0.080464,0.052,0.00196272,0.24802228,0.02274879,0.02274875,43943.34,43937.81,43937.8,43937.02,43930.72,43928.47,43928.46,43923.12,43923.11,43921.45,0.00281167,0.01,0.37770473,0.0004552,0.03333261,0.03197772,0.38664629,0.09728774,0.057,0.02274979
2022-03-03 01:04:00,43859.93,43860.33,43860.34,43860.35,43861.63,43863.67,43866.78,43866.79,43869.54,43869.55,0.09,0.0055,0.057,0.09,0.052,0.0455991,0.09619992,0.052,0.24802228,0.39709015,43841.92,43835.46,43833.26,43831.78,43831.74,43829.49,43822.81,43821.58,43820.84,43818.44,0.03345618,0.052,0.01,0.39619111,0.39089902,0.057,0.02280128,0.01185044,0.00211382,0.09696678
2022-03-03 01:04:00,43871.12,43871.16,43872.01,43874.17,43874.18,43874.63,43874.99,43875.21,43880.18,43881.21,0.09,0.38484305,0.0345875,0.37872652,0.15,0.00207326,0.02279345,0.04,0.01184136,0.11095853,43848.69,43848.37,43847.25,43846.77,43845.82,43845.02,43844.53,43843.89,43838.67,43837.36,0.052,0.09,0.04054098,0.09,0.057,0.01,0.37272166,0.38657787,0.02279286,0.11095853
2022-03-03 01:10:00,43792.65,43794.42,43794.43,43797.57,43797.67,43797.74,43799.17,43799.18,43800.81,43802.26,0.057,0.39155819,0.052,0.02283514,0.15,0.02283505,0.08604527,0.39486492,0.053,0.2,43769.13,43765.94,43765.93,43765.92,43765.62,43764.68,43760.11,43757.84,43754.92,43752.86,0.052,0.01,0.36696441,0.3918043,0.04,0.057,0.02283514,0.09979418,0.27999772,0.15
2022-03-03 01:10:00,43778.3,43778.31,43778.41,43778.79,43784.45,43784.72,43785.34,43785.69,43787.13,43787.66,0.057,0.152368,0.73814215,0.03462641,0.02284102,0.02284088,0.06136192,0.00224077,0.00568582,0.40671909,43756.44,43755.58,43752.25,43752.24,43748.55,43748.54,43748.53,43747.83,43746.75,43741.73,0.09,0.052,0.01,0.037,0.27999772,0.36227475,0.36316099,0.0456809,0.03441389,0.12140094
2022-03-03 01:10:00,43768.82,43768.83,43768.85,43770.96,43775.5,43776.16,43776.17,43776.18,43776.85,43777.61,0.057,0.082176,0.79351631,0.03421098,0.02284565,0.052,0.1007655,0.09,0.02284476,0.46276629,43746.65,43745.83,43745.82,43745.65,43744.62,43744.6,43742.87,43741.42,43738.91,43738.8,0.052,0.09,0.01,0.09,0.36047803,0.03361278,0.02462436,0.00568582,0.02284501,0.02284506
2022-03-03 01:10:00,43782.54,43782.55,43784.37,43785.41,43785.42,43786.45,43786.91,43786.92,43787.3,43787.42,0.39907912,0.03359232,0.052,0.39893371,0.17893865,0.02283891,0.15,0.00198959,0.02283843,0.057,43758.81,43757.04,43757.03,43757.02,43752.81,43752.8,43752.78,43752.77,43752.66,43749.74,0.09,0.01,0.057,0.09,0.09758821,0.27999772,0.37601635,0.052,0.38922289,0.03471249
2022-03-03 01:15:00,43819.69,43820.38,43825.78,43826.01,43829.36,43829.4,43832.6,43832.61,43832.62,43832.89,0.057,0.38369116,0.3967798,0.02281825,0.15,0.03506126,0.12125027,0.04527098,0.00215906,0.571,43795.88,43793.75,43793.63,43791.68,43791.67,43791.65,43790.78,43788.72,43785.42,43783.11,0.09,0.01,0.09,0.12125027,0.27999772,0.37827408,0.36444045,0.057,0.03353248,0.02282109
2022-03-03 01:15:00,43829.56,43829.57,43829.59,43829.6,43831.46,43833.13,43833.34,43837.27,43837.28,43837.37,0.057,0.36557288,0.02281581,0.02281581,0.09,0.052,0.052,0.0829323,0.571,0.3798148,43806.44,43805.66,43805.65,43805.43,43803.2,43802.22,43800.71,43796.58,43796.57,43796.55,0.09,0.01,0.36586639,0.03440022,0.052,0.38841951,0.00568582,0.0829323,0.27999772,0.15
2022-03-03 01:15:00,43797.6,43797.61,43797.62,43803.52,43804.48,43806.02,43806.76,43807.45,43810.25,43811.8,0.057,0.28,0.571,0.052,0.36663665,0.00215396,0.36129546,0.02282758,0.02282609,0.01192281,43783.12,43783.11,43770.66,43767.13,43767.12,43761.71,43760.24,43759.09,43757.31,43757.3,0.36216553,0.09965388,0.04565438,0.10171227,0.0344197,0.11413044,0.36711983,0.043,0.15,0.4401405
2022-03-03 01:15:00,43840.81,43840.84,43843.71,43844.4,43847.94,43849.54,43849.66,43853.97,43853.98,43854.21,0.28,0.36315309,0.03485877,0.38473269,0.15,0.49426552,0.057,0.06967019,0.17868273,0.02280337,43821.48,43819.92,43819.36,43816.96,43816.94,43814.37,43805.47,43805.46,43804.0,43803.14,0.135,0.052,0.01,0.02280336,0.02280337,0.73888313,0.06967019,0.03351915,0.05701082,0.044
2022-03-03 01:15:00,43863.81,43866.0,43866.07,43867.12,43868.82,43870.68,43870.84,43870.85,43871.65,43871.66,0.09,0.27692638,0.75551785,0.03404019,0.47821954,0.00568582,0.0227943,0.0227943,0.06155886,0.45251384,43841.98,43841.97,43840.55,43837.66,43833.74,43829.09,43829.08,43828.91,43823.39,43822.32,0.01,0.74625918,0.03422834,0.052,0.04558811,0.11730838,0.571,0.03356209,0.15,0.00219028
2022-03-03 01:20:00,43881.34,43881.35,43882.45,43883.55,43888.04,43890.63,43892.98,43895.42,43896.57,43897.6,0.75257149,0.09,0.052,0.09,0.00216314,0.00729912,0.057,0.01,0.02278576,0.27656154,43854.45,43852.8,43852.79,43847.55,43838.26,43835.61,43825.62,43823.75,43819.81,43814.32,0.02278752,0.38103258,0.37469519,0.03494696,0.17089116,0.00213117,0.03470422,0.00204483,0.00206319,0.052
2022-03-03 01:20:00,43862.28,43862.29,43862.3,43862.94,43864.13,43867.32,43871.87,43873.08,43873.09,43873.1,0.01737171,0.27656154,0.39404455,0.057,0.39458227,0.00568582,0.03372343,0.06454305,0.02279581,0.0227958,43842.84,43841.38,43841.37,43841.36,43839.14,43838.03,43836.44,43835.56,43835.34,43834.6,0.09,0.01,0.36013949,0.09,0.02279346,0.03404475,0.02279487,0.052,0.51830997,0.36298095
2022-03-03 01:20:00,43879.78,43879.79,43883.66,43884.64,43885.74,43885.77,43888.22,43888.7,43889.05,43889.76,0.06436871,0.09,0.052,0.27656154,0.37108127,0.39275549,0.35809324,0.02278656,0.571,0.07780859,43860.23,43860.22,43856.12,43855.75,43855.25,43854.12,43853.39,43853.35,43851.23,43847.69,0.01,0.36103986,0.04,0.3860806,0.06,0.51622369,0.0227857,0.02278572,0.0811803,0.15
2022-03-03 01:20:00,43894.72,43894.79,43899.76,43899.85,43901.88,43903.26,43903.27,43905.5,43908.58,43908.59,0.2788282,0.057,0.02278015,0.0227801,0.04828029,0.27656154,0.39170203,0.03405163,0.08966309,0.044,43876.27,43873.99,43873.98,43870.91,43870.9,43870.75,43869.21,43868.4,43866.35,43866.34,0.09,0.01,0.04,0.052,0.37201436,0.36716587,0.03477353,0.54007,0.09159203,0.057
2022-03-03 01:25:00,43854.28,43854.4,43854.86,43859.91,43859.92,43860.88,43875.76,43875.77,43875.78,43875.83,0.052,0.09,0.81383315,0.052,0.65439828,0.02279974,0.12104778,0.38904412,0.05699425,0.05,43835.78,43833.59,43826.25,43820.97,43819.42,43817.13,43815.32,43813.87,43813.86,43813.8,0.03347279,0.39476416,0.39439986,0.15,0.1785573,0.02379047,0.04761203,0.01411092,0.03356173,0.4401405
2022-03-03 01:25:00,43895.63,43898.25,43898.64,43898.65,43900.78,43900.79,43902.81,43903.54,43903.89,43904.0,0.00568582,0.04,0.27314605,0.38061515,0.39708096,0.10046812,0.057,0.04758975,0.00205403,0.03362136,43874.83,43874.82,43873.35,43872.64,43872.62,43872.4,43872.39,43870.06,43867.43,43867.42,0.057,0.09,0.04188893,0.04188893,0.09,0.01,0.36517963,0.04555544,0.08393676,0.036
2022-03-03 01:25:00,43893.72,43896.92,43897.38,43898.1,43898.37,43899.48,43899.95,43900.23,43900.24,43900.49,0.09534179,0.04321056,0.00568582,0.27314605,0.77408908,0.057,0.1003738,0.0227793,0.02277929,0.03466441,43873.18,43873.17,43873.16,43870.51,43870.5,43870.07,43866.63,43866.29,43862.7,43861.76,0.09,0.01,0.38425334,0.39710728,0.04,0.05796231,0.03715934,0.057,0.03451083,0.02277983
2022-03-03 01:25:00,43941.1,43953.81,43953.83,43958.62,43959.16,43960.03,43960.07,43962.83,43963.24,43963.73,0.03463086,0.63710454,0.02377159,0.17827966,0.01188738,0.0345533,0.0475422,0.130739,0.11376308,0.03603942,43924.16,43918.57,43916.57,43913.73,43913.72,43906.13,43899.87,43898.63,43898.61,43897.65,0.09,0.2,0.05056068,0.38483801,0.39012309,0.00568582,0.00190379,0.07890519,0.03459001,0.05688912
2022-03-03 01:25:00,43967.86,43968.02,43969.6,43971.74,43973.67,43977.62,43977.63,43978.18,43978.19,43979.73,0.147,0.02274542,0.04069137,0.02274345,0.052,0.27314605,0.37504385,0.09995691,0.38260253,0.11372572,43956.38,43953.95,43940.2,43940.19,43936.5,43932.82,43930.0,43929.99,43929.98,43928.15,0.37600815,0.38348316,0.08969392,0.03378756,0.057,0.04548815,0.06,0.15,0.00204582,0.571
2022-03-03 01:31:00,43997.7,44006.57,44006.6,44012.9,44012.91,44014.34,44018.12,44018.13,44018.17,44019.99,0.02082951,0.37524627,0.03397214,0.10773388,0.057,0.02272183,0.01406748,0.045,0.00202942,0.02373575,43985.16,43985.15,43983.18,43981.65,43980.6,43978.02,43977.05,43976.85,43976.63,43971.08,0.28,1.103,0.74546202,0.05097288,0.057,0.00568582,0.052,0.02272183,0.06,0.01399239
2022-03-03 01:31:00,44033.58,44033.62,44035.98,44036.73,44037.31,44038.04,44038.05,44041.51,44041.52,44045.2,0.09,0.38526,0.03451085,0.37414705,0.00196167,0.02270919,0.02270919,0.10753712,0.042,0.17790769,44008.96,44008.47,44008.45,44006.47,44004.44,44003.42,43999.46,43999.45,43998.65,43997.32,0.28,0.38991002,0.37954039,0.04278128,0.01894685,0.03408492,0.15,0.06,0.02271017,0.02271087
2022-03-03 01:31:00,44006.79,44006.83,44008.15,44009.57,44010.33,44010.34,44011.79,44014.46,44015.58,44017.85,0.052,0.066768,0.04544912,0.00568582,0.38430869,0.03458554,0.36302015,0.43118106,0.42451352,0.04852581,43994.51,43984.91,43984.9,43984.73,43979.88,43979.16,43973.62,43973.44,43971.84,43968.01,8.37e-06,0.01,0.28,0.75214075,0.27234635,0.03328553,0.04329828,0.04544614,0.057,0.21594783
2022-03-03 01:31:00,43996.74,43996.75,44001.32,44002.39,44003.83,44008.5,44008.81,44008.83,44009.77,44013.26,0.001,0.76192091,0.03382698,0.0467098,0.00568582,0.02272534,0.00187684,0.057,0.02272469,0.09077438,43980.35,43979.24,43979.23,43979.22,43979.21,43978.96,43974.82,43974.8,43974.74,43974.73,0.09,0.27483581,0.16927848,0.057,0.09,0.27210375,0.08215389,0.2718067,0.38160059,0.052
2022-03-03 01:31:00,43967.77,43967.78,43971.2,43972.11,43972.79,43972.9,43973.43,43974.07,43975.18,43975.69,0.058,0.118128,0.052,0.052,0.42865787,0.40906651,0.36494788,0.38638536,0.02274282,0.0227423,43949.63,43948.99,43948.98,43948.93,43943.22,43943.21,43942.63,43942.58,43942.29,43937.99,0.0348052,0.01,0.27228079,0.0578583,0.27483581,0.2727792,0.16993614,0.04,0.76856175,0.0623503
