,open,high,low,close,volume
2022-03-01 00:08:00,43297.0,43375.0,43297.0,43370.5,72.395
2022-03-01 00:09:00,43370.5,43454.5,43370.5,43428.0,102.153
2022-03-01 00:10:00,43428.0,43485.0,43422.0,43450.0,95.253
2022-03-01 00:11:00,43450.0,43640.5,43431.0,43547.5,298.013
2022-03-01 00:12:00,43547.5,43548.0,43440.0,43453.5,106.009
2022-03-01 00:13:00,43453.5,43454.0,43377.5,43387.5,80.159
2022-03-01 00:14:00,43387.5,43387.5,43359.5,43363.0,31.883
2022-03-01 00:15:00,43363.0,43363.0,43297.0,43297.0,80.774
2022-03-01 00:16:00,43297.0,43297.5,43268.0,43268.0,30.122
2022-03-01 00:17:00,43268.0,43268.5,43241.0,43255.0,98.131
2022-03-01 00:19:00,43180.0,43269.5,43180.0,43262.0,58.219
2022-03-01 00:20:00,43262.0,43319.5,43261.5,43290.5,56.13
2022-03-01 00:21:00,43290.5,43290.5,43251.0,43266.5,29.354
2022-03-01 00:22:00,43266.5,43268.0,43254.5,43254.5,25.97
2022-03-01 00:23:00,43254.5,43255.0,43210.0,43245.0,32.398
2022-03-01 00:24:00,43245.0,43274.0,43244.5,43274.0,37.221
2022-03-01 00:25:00,43274.0,43280.0,43273.5,43279.5,42.479
2022-03-01 00:26:00,43279.5,43330.0,43279.5,43330.0,43.222
2022-03-01 00:27:00,43330.0,43354.5,43330.0,43340.0,63.669
2022-03-01 00:28:00,43340.0,43375.0,43330.0,43371.5,55.714
2022-03-01 00:30:00,43371.0,43371.5,43350.0,43352.0,13.853
2022-03-01 00:31:00,43352.0,43352.0,43317.0,43337.5,32.263
2022-03-01 00:32:00,43337.5,43340.0,43307.0,43339.5,21.483
2022-03-01 00:33:00,43339.5,43420.5,43339.5,43420.0,46.26
2022-03-01 00:34:00,43420.0,43555.5,43406.0,43518.5,235.68
2022-03-01 00:35:00,43518.5,43522.0,43489.0,43501.5,88.359
2022-03-01 00:36:00,43501.5,43515.5,43433.0,43433.0,72.06
2022-03-01 00:37:00,43433.0,43456.5,43433.0,43456.5,45.682
2022-03-01 00:38:00,43456.5,43457.5,43374.5,43401.5,128.894
2022-03-01 00:39:00,43401.5,43426.0,43401.0,43426.0,99.542
2022-03-01 00:41:00,43425.5,43463.5,43425.5,43463.5,55.008
2022-03-01 00:42:00,43463.5,43463.5,43451.0,43451.0,16.446
2022-03-01 00:43:00,43451.0,43465.0,43450.0,43465.0,24.541
2022-03-01 00:44:00,43465.0,43515.0,43464.5,43515.0,65.185
2022-03-01 00:45:00,43515.0,43515.0,43457.0,43457.0,53.588
2022-03-01 00:46:00,43457.0,43740.0,43457.0,43540.0,537.218
2022-03-01 00:47:00,43540.0,43540.0,43432.0,43447.5,127.942
2022-03-01 00:48:00,43447.5,43448.0,43333.0,43346.0,134.383
2022-03-01 00:49:00,43346.0,43367.0,43330.5,43343.5,96.619
2022-03-01 00:50:00,43343.5,43400.0,43343.0,43400.0,52.653
2022-03-01 00:52:00,43399.5,43400.0,43399.5,43400.0,10.311
2022-03-01 00:53:00,43400.0,43425.5,43399.5,43400.0,66.789
2022-03-01 00:54:00,43400.0,43475.5,43399.5,43451.0,37.111
2022-03-01 00:55:00,43451.0,43537.5,43450.0,43520.5,88.533
2022-03-01 00:56:00,43520.5,43520.5,43503.0,43503.5,47.28
2022-03-01 00:57:00,43503.5,43503.5,43470.0,43470.0,64.522
2022-03-01 00:58:00,43470.0,43539.5,43470.0,43539.0,48.963
2022-03-01 00:59:00,43539.0,43539.5,43539.0,43539.0,42.118
2022-03-01 01:00:00,43539.0,43540.0,43496.0,43496.5,54.843
2022-03-01 01:01:00,43496.5,43553.0,43496.5,43553.0,30.07
2022-03-01 01:03:00,43573.0,43573.0,43550.0,43550.5,22.799
2022-03-01 01:04:00,43550.5,43550.5,43473.5,43492.0,57.817
2022-03-01 01:05:00,43492.0,43492.0,43491.5,43492.0,21.676
2022-03-01 01:06:00,43492.0,43522.0,43491.5,43522.0,45.317
2022-03-01 01:07:00,43522.0,43524.0,43505.0,43505.0,16.09
2022-03-01 01:08:00,43505.0,43505.5,43428.0,43446.5,73.078
2022-03-01 01:09:00,43446.5,43460.0,43446.0,43450.0,27.358
2022-03-01 01:10:00,43450.0,43450.5,43420.0,43427.5,32.999
2022-03-01 01:11:00,43427.5,43428.0,43383.0,43383.0,49.477
2022-03-01 01:12:00,43383.0,43383.5,43369.0,43383.0,45.543
2022-03-01 01:14:00,43335.5,43335.5,43270.5,43270.5,112.818
2022-03-01 01:15:00,43270.5,43275.0,43270.5,43271.5,30.674
2022-03-01 01:16:00,43271.5,43271.5,43242.5,43268.0,56.492
2022-03-01 01:17:00,43268.0,43274.0,43260.0,43260.5,59.141
2022-03-01 01:18:00,43260.5,43260.5,43214.5,43241.5,88.733
2022-03-01 01:19:00,43241.5,43290.0,43241.5,43290.0,60.557
2022-03-01 01:20:00,43290.0,43317.5,43289.5,43317.5,55.997
2022-03-01 01:21:00,43317.5,43338.0,43317.0,43338.0,27.403
2022-03-01 01:22:00,43338.0,43358.5,43337.5,43358.5,18.979
2022-03-01 01:23:00,43358.5,43373.5,43319.0,43319.0,54.047
2022-03-01 01:25:00,43329.5,43330.0,43300.0,43300.5,51.521
2022-03-01 01:26:00,43300.5,43300.5,43260.0,43268.0,36.807
2022-03-01 01:27:00,43268.0,43268.0,43267.5,43267.5,29.994
2022-03-01 01:28:00,43267.5,43289.0,43267.5,43288.0,10.874
2022-03-01 01:29:00,43288.0,43288.5,43251.0,43255.5,26.597
2022-03-01 01:30:00,43255.5,43312.0,43255.5,43312.0,40.432
2022-03-01 01:31:00,43312.0,43312.0,43297.0,43297.0,21.377
2022-03-01 01:32:00,43297.0,43297.5,43292.0,43292.0,8.196
2022-03-01 01:33:00,43292.0,43325.0,43292.0,43324.5,25.772
2022-03-01 01:34:00,43324.5,43324.5,43270.5,43271.0,21.847
2022-03-01 01:36:00,43287.5,43308.5,43287.0,43308.5,8.878
2022-03-01 01:37:00,43308.5,43319.0,43308.0,43318.5,15.475
2022-03-01 01:38:00,43318.5,43319.0,43318.5,43318.5,10.048
2022-03-01 01:39:00,43318.5,43325.0,43315.5,43324.5,12.973
2022-03-01 01:40:00,43324.5,43405.0,43274.5,43402.0,139.25
2022-03-01 01:41:00,43402.0,43409.5,43401.5,43409.5,95.85
2022-03-01 01:42:00,43409.5,43409.5,43368.0,43368.0,51.167
2022-03-01 01:43:00,43368.0,43382.5,43368.0,43382.5,17.678
2022-03-01 01:44:00,43382.5,43395.0,43382.5,43382.5,25.776
2022-03-01 01:45:00,43382.5,43383.0,43337.0,43337.5,22.685
2022-03-01 01:47:00,43354.0,43354.0,43353.5,43354.0,13.812
2022-03-01 01:48:00,43354.0,43360.0,43353.5,43359.5,18.271
2022-03-01 01:49:00,43359.5,43361.0,43359.5,43360.5,8.208
2022-03-01 01:50:00,43360.5,43361.0,43360.5,43361.0,7.326
2022-03-01 01:51:00,43361.0,43380.0,43361.0,43379.5,10.483
2022-03-01 01:52:00,43379.5,43380.0,43366.5,43366.5,39.546
2022-03-01 01:53:00,43366.5,43366.5,43320.0,43320.0,32.633
2022-03-01 01:54:00,43320.0,43348.5,43320.0,43348.0,9.949
2022-03-01 01:55:00,43348.0,43348.5,43337.0,43337.0,4.255
2022-03-01 01:56:00,43337.0,43337.5,43269.5,43270.0,49.175
2022-03-01 01:58:00,43235.0,43270.0,43230.0,43230.0,34.031
2022-03-01 01:59:00,43230.0,43244.0,43228.5,43235.0,27.119
2022-03-01 02:00:00,43235.0,43254.0,43234.5,43253.5,19.541
2022-03-01 02:01:00,43253.5,43260.0,43253.5,43260.0,11.239
2022-03-01 02:02:00,43260.0,43260.0,43207.0,43217.5,35.626
2022-03-01 02:03:00,43217.5,43218.0,43207.0,43207.0,28.312
2022-03-01 02:04:00,43207.0,43207.5,43167.0,43198.5,114.827
2022-03-01 02:05:00,43198.5,43198.5,43142.5,43142.5,72.018
2022-03-01 02:06:00,43142.5,43143.0,43122.0,43122.0,34.502
2022-03-01 02:07:00,43122.0,43143.5,43122.0,43143.0,48.138
2022-03-01 02:09:00,43123.0,43123.0,43099.5,43099.5,75.969
2022-03-01 02:10:00,43099.5,43137.0,43055.5,43127.5,111.662
2022-03-01 02:11:00,43127.5,43128.0,43101.0,43101.0,58.567
2022-03-01 02:12:00,43101.0,43101.5,43073.0,43073.0,23.645
2022-03-01 02:13:00,43073.0,43099.0,43073.0,43099.0,41.705
2022-03-01 02:14:00,43099.0,43127.5,43081.5,43082.0,107.887
2022-03-01 02:15:00,43082.0,43082.0,42983.5,42983.5,256.228
2022-03-01 02:16:00,42983.5,43066.5,42980.0,43066.0,150.012
2022-03-01 02:17:00,43066.0,43129.0,43066.0,43110.5,158.004
2022-03-01 02:18:00,43110.5,43153.5,43110.5,43153.5,74.314
2022-03-01 02:20:00,43150.5,43153.0,43150.0,43152.5,17.612
2022-03-01 02:21:00,43152.5,43164.0,43152.5,43164.0,23.703
2022-03-01 02:22:00,43164.0,43200.0,43163.5,43200.0,34.568
2022-03-01 02:23:00,43200.0,43200.0,43199.5,43199.5,32.849
2022-03-01 02:24:00,43199.5,43200.0,43177.5,43178.0,19.713
2022-03-01 02:25:00,43178.0,43178.0,43163.5,43163.5,28.395
2022-03-01 02:26:00,43163.5,43164.0,43130.5,43130.5,21.054
2022-03-01 02:27:00,43130.5,43131.0,43070.0,43070.5,36.815
2022-03-01 02:28:00,43070.5,43070.5,43026.5,43027.5,38.618
2022-03-01 02:29:00,43027.5,43046.5,43027.5,43046.5,14.031
2022-03-01 02:31:00,43028.5,43028.5,42990.0,42990.0,129.63
2022-03-01 02:32:00,42990.0,43013.0,42990.0,43008.5,38.106
2022-03-01 02:33:00,43008.5,43030.0,43008.5,43029.5,100.748
2022-03-01 02:34:00,43029.5,43050.0,43025.0,43050.0,24.456
2022-03-01 02:35:00,43050.0,43050.0,43025.0,43032.0,12.818
2022-03-01 02:36:00,43032.0,43094.0,43032.0,43090.0,52.454
2022-03-01 02:37:00,43090.0,43090.0,43085.0,43085.0,13.484
2022-03-01 02:38:00,43085.0,43085.5,43069.5,43070.0,16.519
2022-03-01 02:39:00,43070.0,43070.0,43063.5,43064.0,5.759
2022-03-01 02:40:00,43064.0,43083.0,43026.5,43083.0,56.686
2022-03-01 02:42:00,43085.5,43100.0,43085.0,43100.0,10.903
2022-03-01 02:43:00,43100.0,43107.5,43099.0,43099.0,10.909
2022-03-01 02:44:00,43099.0,43099.0,43091.5,43091.5,11.546
2022-03-01 02:45:00,43091.5,43097.5,43091.5,43097.0,17.112
2022-03-01 02:46:00,43097.0,43121.0,43097.0,43119.5,30.657
2022-03-01 02:47:00,43119.5,43120.0,43119.5,43119.5,14.083
2022-03-01 02:48:00,43119.5,43120.0,43109.0,43109.0,12.269
2022-03-01 02:49:00,43109.0,43109.0,43092.0,43094.5,11.965
2022-03-01 02:50:00,43094.5,43094.5,43094.0,43094.5,30.474
2022-03-01 02:51:00,43094.5,43094.5,43066.5,43066.5,13.523
2022-03-01 02:53:00,43110.5,43110.5,43110.0,43110.5,15.437
2022-03-01 02:54:00,43110.5,43110.5,43088.5,43088.5,8.392
2022-03-01 02:55:00,43088.5,43104.0,43088.5,43104.0,12.617
2022-03-01 02:56:00,43104.0,43152.5,43104.0,43152.5,34.04
2022-03-01 02:57:00,43152.5,43152.5,43152.0,43152.0,14.098
2022-03-01 02:58:00,43152.0,43152.5,43152.0,43152.5,4.837
2022-03-01 02:59:00,43152.5,43159.5,43152.0,43159.5,15.464
2022-03-01 03:00:00,43159.5,43159.5,43152.0,43152.5,26.362
2022-03-01 03:01:00,43152.5,43152.5,43139.0,43139.0,42.626
2022-03-01 03:02:00,43139.0,43139.5,43091.0,43108.0,47.175
2022-03-01 03:04:00,43090.0,43090.5,43090.0,43090.0,16.326
2022-03-01 03:05:00,43090.0,43090.5,43050.0,43056.5,20.732
2022-03-01 03:06:00,43056.5,43057.5,43056.5,43057.5,34.535
2022-03-01 03:07:00,43057.5,43070.0,43057.0,43069.5,40.975
2022-03-01 03:08:00,43069.5,43070.0,43069.5,43070.0,10.006
2022-03-01 03:09:00,43070.0,43070.0,43051.0,43051.0,23.737
2022-03-01 03:10:00,43051.0,43069.5,43036.0,43059.0,13.283
2022-03-01 03:11:00,43059.0,43069.5,43058.5,43069.5,13.227
2022-03-01 03:12:00,43069.5,43069.5,43063.0,43063.5,14.992
2022-03-01 03:13:00,43063.5,43063.5,43014.0,43014.0,43.968
2022-03-01 03:15:00,42955.0,42955.5,42955.0,42955.5,39.823
2022-03-01 03:16:00,42955.5,42955.5,42955.0,42955.0,8.338
2022-03-01 03:17:00,42955.0,42955.5,42884.5,42884.5,113.124
2022-03-01 03:18:00,42884.5,42925.0,42850.0,42925.0,127.008
2022-03-01 03:19:00,42925.0,42960.5,42924.5,42960.0,77.781
2022-03-01 03:20:00,42960.0,42968.5,42959.5,42962.5,22.737
2022-03-01 03:21:00,42962.5,42995.5,42962.0,42968.5,65.433
2022-03-01 03:22:00,42968.5,42996.0,42968.0,42995.5,44.403
2022-03-01 03:23:00,42995.5,42996.0,42995.5,42996.0,17.212
2022-03-01 03:24:00,42996.0,43035.0,42995.5,43021.0,56.711
2022-03-01 03:26:00,42995.0,42995.5,42965.5,42965.5,28.371
2022-03-01 03:27:00,42965.5,42972.5,42934.0,42972.5,31.235
2022-03-01 03:28:00,42972.5,43054.0,42972.5,43050.0,77.244
2022-03-01 03:29:00,43050.0,43050.0,43038.5,43038.5,43.436
2022-03-01 03:30:00,43038.5,43078.0,43038.5,43066.0,57.006
2022-03-01 03:31:00,43066.0,43066.5,43065.0,43066.5,34.144
2022-03-01 03:32:00,43066.5,43066.5,43066.0,43066.0,14.889
2022-03-01 03:33:00,43066.0,43066.5,43065.5,43066.0,10.362
2022-03-01 03:34:00,43066.0,43066.0,43065.0,43065.5,19.294
2022-03-01 03:35:00,43065.5,43065.5,43065.0,43065.5,9.299
2022-03-01 03:37:00,43065.0,43065.5,43060.5,43060.5,9.198
2022-03-01 03:38:00,43060.5,43060.5,43012.5,43012.5,21.112
2022-03-01 03:39:00,43012.5,43013.0,42980.0,42980.5,29.814
2022-03-01 03:40:00,42980.5,42994.5,42980.0,42994.5,21.385
2022-03-01 03:41:00,42994.5,43010.0,42994.0,43010.0,13.383
2022-03-01 03:42:00,43010.0,43015.0,43009.5,43015.0,14.916
2022-03-01 03:43:00,43015.0,43040.5,43014.5,43032.5,32.263
2022-03-01 03:44:00,43032.5,43050.0,43032.0,43050.0,10.105
2022-03-01 03:45:00,43050.0,43099.0,43049.5,43099.0,51.984
2022-03-01 03:46:00,43099.0,43099.0,43098.5,43098.5,8.123
2022-03-01 03:48:00,43086.5,43088.5,43086.5,43088.5,24.883
2022-03-01 03:49:00,43088.5,43100.0,43088.0,43099.5,9.576
2022-03-01 03:50:00,43099.5,43100.0,43099.5,43100.0,17.544
2022-03-01 03:51:00,43100.0,43100.0,43099.5,43100.0,10.279
2022-03-01 03:52:00,43100.0,43100.0,43099.5,43100.0,9.374
2022-03-01 03:53:00,43100.0,43133.0,43100.0,43100.0,84.9
2022-03-01 03:54:00,43100.0,43100.0,43062.5,43062.5,25.926
2022-03-01 03:55:00,43062.5,43063.0,43062.5,43062.5,7.0
2022-03-01 03:56:00,43062.5,43073.5,43062.5,43073.0,8.706
2022-03-01 03:57:00,43073.0,43144.0,43073.0,43136.0,41.382
2022-03-01 03:59:00,43133.5,43155.0,43133.0,43140.0,19.534
2022-03-01 04:00:00,43140.0,43140.5,43140.0,43140.5,19.023
2022-03-01 04:01:00,43140.5,43140.5,43140.0,43140.0,5.764
2022-03-01 04:02:00,43140.0,43140.5,43106.0,43106.0,26.785
2022-03-01 04:03:00,43106.0,43106.5,43094.5,43094.5,7.174
2022-03-01 04:04:00,43094.5,43100.0,43094.5,43100.0,83.152
2022-03-01 04:05:00,43100.0,43140.5,43099.5,43136.0,31.508
2022-03-01 04:06:00,43136.0,43136.0,43135.5,43135.5,5.615
2022-03-01 04:07:00,43135.5,43136.0,43124.5,43125.0,54.202
2022-03-01 04:08:00,43125.0,43125.0,43116.0,43116.5,13.239
2022-03-01 04:10:00,43100.5,43100.5,43081.5,43081.5,28.738
2022-03-01 04:11:00,43081.5,43105.0,43081.5,43105.0,16.536
2022-03-01 04:12:00,43105.0,43105.0,43104.5,43104.5,10.65
2022-03-01 04:13:00,43104.5,43175.0,43104.5,43175.0,44.895
2022-03-01 04:14:00,43175.0,43271.5,43174.5,43271.5,197.181
2022-03-01 04:15:00,43271.5,43271.5,43213.0,43227.0,65.094
2022-03-01 04:16:00,43227.0,43227.5,43140.0,43140.5,102.599
2022-03-01 04:17:00,43140.5,43151.5,43140.0,43140.0,26.123
2022-03-01 04:18:00,43140.0,43194.0,43140.0,43165.0,41.061
2022-03-01 04:19:00,43165.0,43165.5,43122.5,43160.0,32.889
2022-03-01 04:21:00,43192.0,43192.0,43191.5,43192.0,5.189
2022-03-01 04:22:00,43192.0,43237.5,43191.5,43237.5,36.078
2022-03-01 04:23:00,43237.5,43237.5,43237.0,43237.0,6.313
2022-03-01 04:24:00,43237.0,43245.0,43224.0,43244.5,80.114
2022-03-01 04:25:00,43244.5,43252.0,43244.5,43252.0,13.802
2022-03-01 04:26:00,43252.0,43252.0,43251.5,43251.5,9.099
2022-03-01 04:27:00,43251.5,43252.0,43251.5,43252.0,4.589
2022-03-01 04:28:00,43252.0,43252.0,43242.0,43242.0,20.518
2022-03-01 04:29:00,43242.0,43242.5,43224.0,43224.0,34.109
2022-03-01 04:30:00,43224.0,43224.5,43191.5,43198.5,31.716
2022-03-01 04:32:00,43213.5,43213.5,43213.0,43213.0,7.845
2022-03-01 04:33:00,43213.0,43275.0,43213.0,43272.5,33.67
2022-03-01 04:34:00,43272.5,43272.5,43260.0,43260.0,18.124
2022-03-01 04:35:00,43260.0,43260.5,43243.0,43243.0,20.207
2022-03-01 04:36:00,43243.0,43243.5,43228.0,43230.5,10.036
2022-03-01 04:37:00,43230.5,43237.5,43230.0,43237.5,15.226
2022-03-01 04:38:00,43237.5,43246.0,43237.0,43245.5,13.803
2022-03-01 04:39:00,43245.5,43275.0,43245.5,43266.5,9.183
2022-03-01 04:40:00,43266.5,43267.0,43232.0,43232.5,37.177
2022-03-01 04:41:00,43232.5,43232.5,43232.0,43232.0,4.457
2022-03-01 04:43:00,43232.5,43232.5,43219.0,43229.5,18.91
2022-03-01 04:44:00,43229.5,43230.0,43229.5,43229.5,15.583
2022-03-01 04:45:00,43229.5,43230.0,43229.5,43229.5,14.006
2022-03-01 04:46:00,43229.5,43257.5,43229.5,43254.0,28.12
2022-03-01 04:47:00,43254.0,43274.0,43254.0,43273.5,10.102
2022-03-01 04:48:00,43273.5,43327.0,43273.5,43325.0,87.249
2022-03-01 04:49:00,43325.0,43325.0,43283.0,43299.5,44.132
2022-03-01 04:50:00,43299.5,43300.0,43282.0,43282.5,20.041
2022-03-01 04:51:00,43282.5,43282.5,43282.0,43282.0,20.721
2022-03-01 04:52:00,43282.0,43282.5,43282.0,43282.0,4.281
2022-03-01 04:54:00,43298.5,43380.5,43298.0,43373.0,141.598
2022-03-01 04:55:00,43373.0,43373.0,43307.5,43308.0,78.098
2022-03-01 04:56:00,43308.0,43344.0,43307.5,43344.0,24.203
2022-03-01 04:57:00,43344.0,43362.5,43343.5,43360.0,79.066
2022-03-01 04:58:00,43360.0,43360.5,43360.0,43360.0,24.814
2022-03-01 04:59:00,43360.0,43360.5,43338.0,43338.5,29.264
2022-03-01 05:00:00,43338.5,43397.0,43338.5,43369.5,72.271
2022-03-01 05:01:00,43369.5,43369.5,43346.0,43346.0,19.425
2022-03-01 05:02:00,43346.0,43346.5,43327.5,43327.5,19.735
2022-03-01 05:03:00,43327.5,43346.5,43325.0,43346.0,43.324
2022-03-01 05:05:00,43346.0,43346.5,43286.0,43296.5,49.397
2022-03-01 05:06:00,43296.5,43297.0,43284.0,43284.5,16.723
2022-03-01 05:07:00,43284.5,43285.0,43258.5,43285.0,63.523
2022-03-01 05:08:00,43285.0,43285.0,43270.0,43270.0,28.461
2022-03-01 05:09:00,43270.0,43270.5,43255.0,43255.0,16.918
2022-03-01 05:10:00,43255.0,43255.5,43255.0,43255.0,5.943
2022-03-01 05:11:00,43255.0,43255.5,43233.5,43238.5,49.817
2022-03-01 05:12:00,43238.5,43257.5,43238.5,43257.5,21.808
2022-03-01 05:13:00,43257.5,43274.5,43257.0,43274.5,14.61
2022-03-01 05:14:00,43274.5,43274.5,43274.0,43274.0,5.667
2022-03-01 05:16:00,43258.0,43258.0,43220.0,43220.5,27.067
2022-03-01 05:17:00,43220.5,43220.5,43220.0,43220.5,17.835
2022-03-01 05:18:00,43220.5,43220.5,43220.0,43220.0,15.867
2022-03-01 05:19:00,43220.0,43221.0,43220.0,43220.5,32.659
2022-03-01 05:20:00,43220.5,43221.0,43207.0,43207.0,17.724
2022-03-01 05:21:00,43207.0,43207.5,43207.0,43207.0,19.224
2022-03-01 05:22:00,43207.0,43207.5,43173.0,43183.0,72.134
2022-03-01 05:23:00,43183.0,43183.0,43174.5,43174.5,33.053
2022-03-01 05:24:00,43174.5,43178.0,43164.0,43178.0,33.318
2022-03-01 05:25:00,43178.0,43178.0,43177.5,43177.5,17.701
2022-03-01 05:27:00,43189.5,43190.0,43177.5,43190.0,18.902
2022-03-01 05:28:00,43190.0,43212.5,43189.5,43212.5,25.164
2022-03-01 05:29:00,43212.5,43221.0,43212.5,43220.5,28.156
2022-03-01 05:30:00,43220.5,43221.0,43186.5,43187.0,18.59
2022-03-01 05:31:00,43187.0,43195.0,43186.5,43195.0,20.487
2022-03-01 05:32:00,43195.0,43197.0,43194.5,43197.0,6.495
2022-03-01 05:33:00,43197.0,43197.0,43196.5,43196.5,1.986
2022-03-01 05:34:00,43196.5,43197.0,43194.5,43194.5,4.845
2022-03-01 05:35:00,43194.5,43195.0,43194.5,43194.5,18.096
2022-03-01 05:36:00,43194.5,43219.0,43194.5,43219.0,7.734
2022-03-01 05:38:00,43210.0,43210.0,43205.0,43205.0,2.585
2022-03-01 05:39:00,43205.0,43210.0,43205.0,43209.5,6.685
2022-03-01 05:40:00,43209.5,43210.0,43209.5,43209.5,5.765
2022-03-01 05:41:00,43209.5,43215.0,43209.5,43214.5,5.721
2022-03-01 05:42:00,43214.5,43215.0,43180.0,43180.5,31.304
2022-03-01 05:43:00,43180.5,43180.5,43151.0,43151.0,77.247
2022-03-01 05:44:00,43151.0,43151.5,43151.0,43151.0,10.772
2022-03-01 05:45:00,43151.0,43197.0,43132.5,43197.0,58.093
2022-03-01 05:46:00,43197.0,43197.0,43196.5,43196.5,5.434
2022-03-01 05:47:00,43196.5,43197.0,43196.5,43197.0,16.004
2022-03-01 05:49:00,43205.0,43212.0,43204.5,43211.5,16.899
2022-03-01 05:50:00,43211.5,43212.0,43211.5,43211.5,2.054
2022-03-01 05:51:00,43211.5,43237.5,43211.5,43237.5,25.337
2022-03-01 05:52:00,43237.5,43237.5,43237.0,43237.5,2.354
2022-03-01 05:53:00,43237.5,43237.5,43223.5,43224.0,5.196
2022-03-01 05:54:00,43224.0,43224.0,43223.0,43223.0,9.178
2022-03-01 05:55:00,43223.0,43223.5,43203.5,43203.5,8.003
2022-03-01 05:56:00,43203.5,43204.0,43203.5,43204.0,2.349
2022-03-01 05:57:00,43204.0,43204.0,43203.5,43204.0,3.937
2022-03-01 05:58:00,43204.0,43204.0,43190.0,43190.5,13.264
2022-03-01 06:00:00,43190.5,43190.5,43171.0,43171.5,19.486
2022-03-01 06:01:00,43171.5,43171.5,43171.0,43171.0,9.689
2022-03-01 06:02:00,43171.0,43171.5,43151.5,43151.5,21.458
2022-03-01 06:03:00,43151.5,43164.5,43151.5,43164.5,9.827
2022-03-01 06:04:00,43164.5,43180.0,43164.5,43180.0,17.314
2022-03-01 06:05:00,43180.0,43180.0,43131.5,43135.5,25.239
2022-03-01 06:06:00,43135.5,43136.0,43130.0,43130.0,7.799
2022-03-01 06:07:00,43130.0,43130.5,43088.5,43088.5,59.284
2022-03-01 06:08:00,43088.5,43130.0,43085.0,43093.5,90.541
2022-03-01 06:09:00,43093.5,43096.0,43085.0,43095.5,67.668
2022-03-01 06:11:00,43055.0,43093.0,43055.0,43075.0,54.715
2022-03-01 06:12:00,43075.0,43082.0,43075.0,43082.0,55.941
2022-03-01 06:13:00,43082.0,43152.0,43082.0,43137.5,70.753
2022-03-01 06:14:00,43137.5,43152.0,43137.5,43151.5,14.898
2022-03-01 06:15:00,43151.5,43183.5,43151.5,43183.5,44.412
2022-03-01 06:16:00,43183.5,43202.0,43183.0,43202.0,35.128
2022-03-01 06:17:00,43202.0,43231.0,43201.5,43224.5,42.91
2022-03-01 06:18:00,43224.5,43224.5,43224.0,43224.5,45.555
2022-03-01 06:19:00,43224.5,43226.0,43224.0,43226.0,20.614
2022-03-01 06:20:00,43226.0,43226.0,43225.5,43226.0,9.88
2022-03-01 06:22:00,43233.5,43262.5,43233.5,43258.5,53.986
2022-03-01 06:23:00,43258.5,43327.0,43258.5,43327.0,83.48
2022-03-01 06:24:00,43327.0,43334.5,43327.0,43334.0,64.284
2022-03-01 06:25:00,43334.0,43334.5,43288.0,43291.5,78.241
2022-03-01 06:26:00,43291.5,43292.0,43284.0,43284.0,24.237
2022-03-01 06:27:00,43284.0,43314.5,43284.0,43314.0,60.014
2022-03-01 06:28:00,43314.0,43314.5,43314.0,43314.5,4.651
2022-03-01 06:29:00,43314.5,43320.5,43314.5,43320.5,17.735
2022-03-01 06:30:00,43320.5,43334.5,43320.0,43334.5,53.728
2022-03-01 06:31:00,43334.5,43375.0,43334.0,43371.5,42.053
2022-03-01 06:33:00,43372.5,43458.5,43372.0,43385.5,165.726
2022-03-01 06:34:00,43385.5,43385.5,43369.0,43369.0,59.128
2022-03-01 06:35:00,43369.0,43369.5,43348.0,43348.0,47.351
2022-03-01 06:36:00,43348.0,43348.5,43316.0,43316.0,95.837
2022-03-01 06:37:00,43316.0,43316.0,43280.5,43300.0,130.229
2022-03-01 06:38:00,43300.0,43300.0,43285.0,43285.0,18.598
2022-03-01 06:39:00,43285.0,43344.0,43285.0,43342.0,28.972
2022-03-01 06:40:00,43342.0,43342.5,43329.0,43340.0,43.181
2022-03-01 06:41:00,43340.0,43342.5,43315.0,43315.5,39.719
2022-03-01 06:42:00,43315.5,43315.5,43315.0,43315.0,4.2
2022-03-01 06:44:00,43300.0,43300.5,43250.0,43254.5,65.244
2022-03-01 06:45:00,43254.5,43300.0,43254.5,43299.5,31.027
2022-03-01 06:46:00,43299.5,43300.0,43299.5,43300.0,8.773
2022-03-01 06:47:00,43300.0,43300.0,43299.5,43300.0,14.483
2022-03-01 06:48:00,43300.0,43300.0,43299.5,43299.5,13.565
2022-03-01 06:49:00,43299.5,43300.0,43290.5,43300.0,16.883
2022-03-01 06:50:00,43300.0,43357.5,43299.5,43357.5,72.897
2022-03-01 06:51:00,43357.5,43380.0,43357.0,43377.5,46.005
2022-03-01 06:52:00,43377.5,43492.0,43368.5,43451.5,328.276
2022-03-01 06:53:00,43451.5,43452.0,43437.0,43437.0,48.462
2022-03-01 06:55:00,43429.5,43430.0,43414.5,43430.0,57.804
2022-03-01 06:56:00,43430.0,43432.0,43429.5,43432.0,21.337
2022-03-01 06:57:00,43432.0,43432.0,43431.5,43432.0,11.354
2022-03-01 06:58:00,43432.0,43432.0,43421.0,43421.0,44.093
2022-03-01 06:59:00,43421.0,43421.0,43418.0,43418.5,20.13
2022-03-01 07:00:00,43418.5,43418.5,43416.0,43416.0,10.649
2022-03-01 07:01:00,43416.0,43416.5,43415.0,43415.5,17.901
2022-03-01 07:02:00,43415.5,43440.0,43415.5,43440.0,50.558
2022-03-01 07:03:00,43440.0,43440.0,43439.5,43440.0,11.269
2022-03-01 07:04:00,43440.0,43448.5,43439.5,43448.5,49.108
2022-03-01 07:06:00,43439.5,43538.5,43439.5,43473.0,237.921
2022-03-01 07:07:00,43473.0,43519.0,43470.0,43512.5,46.804
2022-03-01 07:08:00,43512.5,43547.0,43512.0,43536.0,109.737
2022-03-01 07:09:00,43536.0,43536.0,43528.5,43528.5,40.508
2022-03-01 07:10:00,43528.5,43529.0,43506.5,43506.5,110.423
2022-03-01 07:11:00,43506.5,43507.0,43485.5,43486.0,45.764
2022-03-01 07:12:00,43486.0,43486.0,43481.5,43482.0,28.498
2022-03-01 07:13:00,43482.0,43515.0,43481.5,43515.0,54.667
2022-03-01 07:14:00,43515.0,43515.0,43506.5,43507.0,32.166
2022-03-01 07:15:00,43507.0,43507.0,43484.0,43484.0,46.274
2022-03-01 07:17:00,43485.5,43486.0,43482.0,43482.5,15.347
2022-03-01 07:18:00,43482.5,43482.5,43463.0,43464.0,25.96
2022-03-01 07:19:00,43464.0,43477.0,43463.5,43477.0,7.701
2022-03-01 07:20:00,43477.0,43477.0,43460.0,43460.0,12.746
2022-03-01 07:21:00,43460.0,43460.5,43395.5,43403.5,91.026
2022-03-01 07:22:00,43403.5,43404.0,43336.5,43359.0,96.786
2022-03-01 07:23:00,43359.0,43379.0,43359.0,43379.0,68.267
2022-03-01 07:24:00,43379.0,43402.0,43379.0,43402.0,26.91
2022-03-01 07:25:00,43402.0,43402.0,43401.5,43402.0,8.069
2022-03-01 07:26:00,43402.0,43402.0,43401.5,43401.5,7.388
2022-03-01 07:28:00,43389.0,43402.0,43382.5,43382.5,29.745
2022-03-01 07:29:00,43382.5,43393.5,43382.5,43391.5,61.897
2022-03-01 07:30:00,43391.5,43392.0,43391.5,43391.5,6.897
2022-03-01 07:31:00,43391.5,43392.0,43375.5,43375.5,16.476
2022-03-01 07:32:00,43375.5,43376.0,43375.5,43375.5,9.462
2022-03-01 07:33:00,43375.5,43375.5,43364.0,43364.5,29.532
2022-03-01 07:34:00,43364.5,43364.5,43364.0,43364.5,75.387
2022-03-01 07:35:00,43364.5,43364.5,43364.0,43364.5,2.733
2022-03-01 07:36:00,43364.5,43364.5,43364.0,43364.0,4.698
2022-03-01 07:37:00,43364.0,43364.5,43363.0,43363.5,5.226
2022-03-01 07:39:00,43384.0,43417.0,43384.0,43417.0,31.491
2022-03-01 07:40:00,43417.0,43417.0,43416.5,43417.0,8.607
2022-03-01 07:41:00,43417.0,43417.0,43416.5,43416.5,5.528
2022-03-01 07:42:00,43416.5,43417.0,43416.5,43416.5,2.609
2022-03-01 07:43:00,43416.5,43417.0,43330.0,43330.5,73.346
2022-03-01 07:44:00,43330.5,43330.5,43282.0,43282.5,68.133
2022-03-01 07:45:00,43282.5,43311.0,43282.0,43311.0,62.078
2022-03-01 07:46:00,43311.0,43358.0,43310.5,43358.0,38.673
2022-03-01 07:47:00,43358.0,43358.0,43335.5,43347.5,27.648
2022-03-01 07:48:00,43347.5,43348.0,43347.5,43348.0,3.763
2022-03-01 07:50:00,43348.0,43380.0,43347.5,43380.0,47.281
2022-03-01 07:51:00,43380.0,43399.0,43379.5,43395.0,49.602
2022-03-01 07:52:00,43395.0,43474.5,43395.0,43457.0,58.661
2022-03-01 07:53:00,43457.0,43457.0,43452.0,43455.0,15.41
2022-03-01 07:54:00,43455.0,43455.0,43454.5,43454.5,8.122
2022-03-01 07:55:00,43454.5,43455.0,43454.5,43454.5,16.994
2022-03-01 07:56:00,43454.5,43455.0,43454.5,43454.5,12.642
2022-03-01 07:57:00,43454.5,43455.0,43454.5,43454.5,4.358
2022-03-01 07:58:00,43454.5,43455.0,43454.5,43455.0,11.087
2022-03-01 07:59:00,43455.0,43475.0,43454.5,43475.0,29.959
2022-03-01 08:01:00,43470.0,43470.5,43466.0,43466.0,11.909
2022-03-01 08:02:00,43466.0,43469.0,43466.0,43469.0,10.218
2022-03-01 08:03:00,43469.0,43474.0,43469.0,43473.5,9.477
2022-03-01 08:04:00,43473.5,43507.0,43473.5,43507.0,36.285
2022-03-01 08:05:00,43507.0,43507.0,43486.0,43486.0,37.826
2022-03-01 08:06:00,43486.0,43486.5,43485.5,43485.5,5.484
2022-03-01 08:07:00,43485.5,43486.0,43485.5,43485.5,9.167
2022-03-01 08:08:00,43485.5,43486.0,43427.5,43427.5,32.149
2022-03-01 08:09:00,43427.5,43439.0,43427.5,43439.0,16.784
2022-03-01 08:10:00,43439.0,43439.0,43438.5,43439.0,2.467
2022-03-01 08:12:00,43439.0,43439.0,43438.5,43439.0,6.473
2022-03-01 08:13:00,43439.0,43448.0,43438.5,43448.0,15.253
2022-03-01 08:14:00,43448.0,43448.0,43435.5,43436.0,11.263
2022-03-01 08:15:00,43436.0,43436.0,43435.5,43435.5,5.049
2022-03-01 08:16:00,43435.5,43436.0,43435.5,43436.0,4.812
2022-03-01 08:17:00,43436.0,43436.0,43435.5,43436.0,7.87
2022-03-01 08:18:00,43436.0,43485.0,43435.5,43485.0,44.853
2022-03-01 08:19:00,43485.0,43488.0,43484.5,43487.5,15.102
2022-03-01 08:20:00,43487.5,43488.0,43487.5,43488.0,5.941
2022-03-01 08:21:00,43488.0,43490.0,43487.5,43490.0,11.788
2022-03-01 08:23:00,43471.5,43472.0,43335.0,43388.5,195.952
2022-03-01 08:24:00,43388.5,43409.0,43371.0,43409.0,82.304
2022-03-01 08:26:00,43310.0,43375.0,43309.5,43360.5,72.409
2022-03-01 08:27:00,43360.5,43393.0,43360.0,43390.0,22.737
2022-03-01 08:28:00,43390.0,43461.5,43390.0,43461.5,79.863
2022-03-01 08:29:00,43461.5,43484.5,43461.5,43481.0,58.205
2022-03-01 08:30:00,43481.0,43484.5,43434.0,43437.5,59.685
2022-03-01 08:31:00,43437.5,43438.0,43390.5,43390.5,34.626
2022-03-01 08:32:00,43390.5,43426.5,43390.0,43426.5,27.075
2022-03-01 08:33:00,43426.5,43426.5,43425.0,43425.5,10.333
2022-03-01 08:34:00,43425.5,43455.5,43411.5,43455.0,59.446
2022-03-01 08:35:00,43455.0,43500.0,43455.0,43495.5,55.475
2022-03-01 08:37:00,43495.0,43495.5,43477.5,43491.5,54.636
2022-03-01 08:38:00,43491.5,43586.0,43474.5,43474.5,212.123
2022-03-01 08:39:00,43474.5,43490.0,43458.5,43481.5,29.435
2022-03-01 08:40:00,43481.5,43512.5,43481.0,43512.5,23.425
2022-03-01 08:41:00,43512.5,43524.5,43512.0,43524.5,19.328
2022-03-01 08:42:00,43524.5,43557.5,43524.5,43536.5,67.457
2022-03-01 08:43:00,43536.5,43537.0,43536.5,43537.0,15.585
2022-03-01 08:44:00,43537.0,43537.0,43536.5,43536.5,15.901
2022-03-01 08:45:00,43536.5,43639.0,43536.5,43544.0,126.361
2022-03-01 08:46:00,43544.0,43544.5,43490.0,43503.0,48.804
2022-03-01 08:48:00,43484.5,43484.5,43415.5,43439.0,71.545
2022-03-01 08:49:00,43439.0,43446.5,43428.5,43428.5,25.428
2022-03-01 08:50:00,43428.5,43476.5,43428.5,43463.5,43.975
2022-03-01 08:51:00,43463.5,43463.5,43442.0,43442.0,15.442
2022-03-01 08:52:00,43442.0,43442.5,43406.0,43407.0,40.048
2022-03-01 08:53:00,43407.0,43419.0,43406.5,43418.5,26.572
2022-03-01 08:54:00,43418.5,43430.0,43418.5,43429.5,35.899
2022-03-01 08:55:00,43429.5,43430.0,43429.5,43430.0,29.548
2022-03-01 08:56:00,43430.0,43430.0,43402.0,43402.0,24.024
2022-03-01 08:57:00,43402.0,43402.5,43380.0,43386.0,39.218
2022-03-01 08:59:00,43420.0,43559.5,43420.0,43497.5,192.803
2022-03-01 09:00:00,43497.5,43497.5,43396.5,43424.5,106.404
2022-03-01 09:01:00,43424.5,43448.5,43388.0,43388.0,72.598
2022-03-01 09:02:00,43388.0,43404.0,43387.5,43397.5,29.846
2022-03-01 09:03:00,43397.5,43398.0,43397.0,43397.5,18.33
2022-03-01 09:04:00,43397.5,43414.5,43397.5,43402.0,25.726
2022-03-01 09:05:00,43402.0,43402.5,43391.5,43392.0,4.861
2022-03-01 09:06:00,43392.0,43392.0,43367.0,43367.0,32.07
2022-03-01 09:07:00,43367.0,43375.0,43367.0,43375.0,39.041
2022-03-01 09:08:00,43375.0,43375.0,43367.5,43367.5,29.68
2022-03-01 09:10:00,43367.5,43368.0,43367.5,43368.0,26.031
2022-03-01 09:11:00,43368.0,43379.5,43367.5,43379.5,40.394
2022-03-01 09:12:00,43379.5,43400.0,43372.0,43380.0,38.78
2022-03-01 09:13:00,43380.0,43396.5,43379.5,43396.0,11.466
2022-03-01 09:14:00,43396.0,43396.5,43363.0,43363.0,34.754
2022-03-01 09:15:00,43363.0,43363.5,43351.0,43351.0,30.505
2022-03-01 09:16:00,43351.0,43351.5,43351.0,43351.5,17.723
2022-03-01 09:17:00,43351.5,43397.5,43351.0,43397.5,30.262
2022-03-01 09:18:00,43397.5,43397.5,43397.0,43397.5,22.742
2022-03-01 09:19:00,43397.5,43450.0,43397.0,43450.0,47.037
2022-03-01 09:21:00,43432.5,43432.5,43409.0,43409.0,27.887
2022-03-01 09:22:00,43409.0,43409.0,43407.5,43408.0,4.238
2022-03-01 09:23:00,43408.0,43408.0,43405.0,43405.0,3.768
2022-03-01 09:24:00,43405.0,43410.0,43390.0,43410.0,14.64
2022-03-01 09:25:00,43410.0,43419.5,43395.0,43395.0,12.733
2022-03-01 09:26:00,43395.0,43395.5,43370.0,43370.0,12.577
2022-03-01 09:27:00,43370.0,43370.5,43368.5,43368.5,5.471
2022-03-01 09:28:00,43368.5,43369.0,43360.0,43360.0,8.007
2022-03-01 09:29:00,43360.0,43360.5,43335.0,43335.0,41.783
2022-03-01 09:30:00,43335.0,43335.5,43310.0,43310.0,28.443
2022-03-01 09:32:00,43227.0,43246.5,43225.0,43225.0,102.478
2022-03-01 09:33:00,43225.0,43265.0,43225.0,43265.0,54.453
2022-03-01 09:34:00,43265.0,43293.5,43264.5,43293.0,26.444
2022-03-01 09:35:00,43293.0,43293.5,43291.5,43291.5,14.427
2022-03-01 09:36:00,43291.5,43291.5,43250.5,43251.0,46.639
2022-03-01 09:37:00,43251.0,43251.0,43210.0,43210.0,46.213
2022-03-01 09:38:00,43210.0,43215.0,43174.0,43182.5,122.747
2022-03-01 09:39:00,43182.5,43182.5,43115.5,43134.0,210.467
2022-03-01 09:40:00,43134.0,43182.0,43134.0,43139.0,87.899
2022-03-01 09:41:00,43139.0,43178.5,43139.0,43176.5,87.299
2022-03-01 09:43:00,43178.5,43196.0,43178.0,43196.0,50.335
2022-03-01 09:44:00,43196.0,43241.0,43195.5,43241.0,52.51
2022-03-01 09:45:00,43241.0,43241.0,43204.5,43233.0,120.57
2022-03-01 09:46:00,43233.0,43271.5,43233.0,43271.5,43.146
2022-03-01 09:47:00,43271.5,43297.0,43271.5,43297.0,45.449
2022-03-01 09:48:00,43297.0,43324.0,43297.0,43317.5,49.851
2022-03-01 09:49:00,43317.5,43318.0,43310.0,43310.0,29.469
2022-03-01 09:50:00,43310.0,43318.0,43310.0,43310.0,28.258
2022-03-01 09:51:00,43310.0,43310.5,43261.5,43261.5,34.3
2022-03-01 09:52:00,43261.5,43262.0,43261.5,43261.5,19.608
2022-03-01 09:54:00,43262.0,43275.5,43261.5,43275.0,20.323
2022-03-01 09:55:00,43275.0,43275.5,43225.0,43225.0,55.592
2022-03-01 09:56:00,43225.0,43225.5,43225.0,43225.0,21.006
2022-03-01 09:57:00,43225.0,43237.0,43225.0,43237.0,37.741
2022-03-01 09:58:00,43237.0,43255.5,43228.0,43228.0,13.421
2022-03-01 09:59:00,43228.0,43235.0,43228.0,43234.5,16.876
2022-03-01 10:00:00,43234.5,43266.0,43219.0,43266.0,32.323
2022-03-01 10:01:00,43266.0,43270.0,43265.5,43269.5,32.053
2022-03-01 10:02:00,43269.5,43272.5,43269.5,43272.0,25.892
2022-03-01 10:03:00,43272.0,43284.0,43272.0,43284.0,15.59
2022-03-01 10:05:00,43263.5,43264.0,43263.5,43264.0,4.582
2022-03-01 10:06:00,43264.0,43264.0,43242.5,43243.0,33.495
2022-03-01 10:07:00,43243.0,43245.5,43218.5,43218.5,27.451
2022-03-01 10:08:00,43218.5,43219.0,43015.0,43050.5,454.035
2022-03-01 10:09:00,43050.5,43050.5,42929.0,42929.0,266.367
2022-03-01 10:10:00,42929.0,43025.0,42811.0,42845.5,355.951
2022-03-01 10:11:00,42845.5,42940.0,42845.0,42940.0,389.336
2022-03-01 10:12:00,42940.0,42969.0,42939.5,42968.5,97.721
2022-03-01 10:13:00,42968.5,43025.0,42960.0,43025.0,205.698
2022-03-01 10:14:00,43025.0,43093.5,43024.5,43071.0,126.588
2022-03-01 10:16:00,43142.0,43142.5,43062.0,43075.5,84.955
2022-03-01 10:17:00,43075.5,43120.0,43075.5,43120.0,68.862
2022-03-01 10:18:00,43120.0,43150.0,43114.0,43115.0,76.791
2022-03-01 10:19:00,43115.0,43130.5,43048.5,43048.5,70.441
2022-03-01 10:20:00,43048.5,43120.0,43048.5,43119.5,53.939
2022-03-01 10:21:00,43119.5,43124.0,43100.0,43124.0,95.224
2022-03-01 10:22:00,43124.0,43127.5,43115.0,43115.5,25.365
2022-03-01 10:23:00,43115.5,43127.5,43107.5,43127.0,31.452
2022-03-01 10:24:00,43127.0,43145.5,43115.5,43115.5,22.266
2022-03-01 10:25:00,43115.5,43140.0,43115.5,43139.5,12.624
2022-03-01 10:27:00,43110.0,43110.0,43089.0,43089.5,17.723
2022-03-01 10:28:00,43089.5,43089.5,43058.5,43084.5,56.539
2022-03-01 10:29:00,43084.5,43116.0,43084.0,43084.5,25.83
2022-03-01 10:30:00,43084.5,43084.5,43060.0,43079.5,25.484
2022-03-01 10:31:00,43079.5,43115.0,43079.0,43115.0,38.826
2022-03-01 10:32:00,43115.0,43140.0,43114.5,43139.5,30.664
2022-03-01 10:33:00,43139.5,43199.0,43139.5,43192.5,70.647
2022-03-01 10:34:00,43192.5,43218.5,43192.0,43202.0,54.289
2022-03-01 10:35:00,43202.0,43210.0,43202.0,43209.5,13.569
2022-03-01 10:36:00,43209.5,43210.0,43202.0,43202.5,14.2
2022-03-01 10:38:00,43202.5,43202.5,43202.0,43202.0,16.48
2022-03-01 10:39:00,43202.0,43210.5,43202.0,43210.0,28.869
2022-03-01 10:40:00,43210.0,43263.0,43210.0,43263.0,51.423
2022-03-01 10:41:00,43263.0,43263.0,43236.5,43237.0,35.374
2022-03-01 10:42:00,43237.0,43237.0,43221.0,43237.0,26.058
2022-03-01 10:43:00,43237.0,43250.0,43236.5,43250.0,33.603
2022-03-01 10:44:00,43250.0,43354.0,43250.0,43321.0,276.426
2022-03-01 10:45:00,43321.0,43321.0,43271.0,43281.5,77.895
2022-03-01 10:46:00,43281.5,43314.0,43281.0,43314.0,37.978
2022-03-01 10:47:00,43314.0,43438.0,43313.5,43400.0,148.132
2022-03-01 10:49:00,43459.5,43460.0,43446.0,43454.0,123.091
2022-03-01 10:50:00,43454.0,43454.0,43400.0,43421.5,85.014
2022-03-01 10:51:00,43421.5,43422.0,43382.5,43386.0,56.18
2022-03-01 10:52:00,43386.0,43390.5,43379.0,43389.5,69.489
2022-03-01 10:53:00,43389.5,43481.5,43389.5,43480.0,45.433
2022-03-01 10:54:00,43480.0,43515.0,43465.5,43488.5,147.52
2022-03-01 10:55:00,43488.5,43520.0,43468.5,43519.5,64.525
2022-03-01 10:56:00,43519.5,43535.0,43488.5,43488.5,81.248
2022-03-01 10:57:00,43488.5,43489.0,43427.5,43427.5,137.34
2022-03-01 10:58:00,43427.5,43550.0,43427.5,43549.5,129.63
2022-03-01 11:00:00,43551.5,43578.0,43532.0,43568.5,86.646
2022-03-01 11:01:00,43568.5,43685.0,43568.5,43627.0,254.801
2022-03-01 11:02:00,43627.0,43627.5,43488.0,43500.0,162.248
2022-03-01 11:03:00,43500.0,43500.0,43448.5,43448.5,90.014
2022-03-01 11:04:00,43448.5,43513.5,43448.5,43485.0,63.211
2022-03-01 11:05:00,43485.0,43485.0,43470.5,43470.5,42.19
2022-03-01 11:06:00,43470.5,43503.5,43451.0,43503.0,62.803
2022-03-01 11:07:00,43503.0,43549.0,43491.5,43549.0,68.602
2022-03-01 11:08:00,43549.0,43549.0,43526.5,43527.0,22.69
2022-03-01 11:09:00,43527.0,43527.0,43463.0,43484.5,66.128
2022-03-01 11:11:00,43471.0,43471.0,43470.5,43470.5,12.798
2022-03-01 11:12:00,43470.5,43487.0,43452.0,43452.0,51.952
2022-03-01 11:13:00,43452.0,43490.0,43452.0,43475.5,36.883
2022-03-01 11:14:00,43475.5,43481.0,43475.5,43481.0,27.554
2022-03-01 11:15:00,43481.0,43481.0,43459.5,43459.5,24.083
2022-03-01 11:16:00,43459.5,43481.0,43459.5,43481.0,22.883
2022-03-01 11:17:00,43481.0,43532.0,43481.0,43512.5,50.16
2022-03-01 11:18:00,43512.5,43538.0,43512.0,43538.0,20.799
2022-03-01 11:19:00,43538.0,43569.5,43537.5,43569.0,41.738
2022-03-01 11:20:00,43569.0,43600.0,43542.5,43595.0,94.391
2022-03-01 11:22:00,43590.5,43590.5,43511.5,43511.5,49.12
2022-03-01 11:23:00,43511.5,43512.0,43511.5,43511.5,24.732
2022-03-01 11:24:00,43511.5,43512.0,43511.5,43511.5,12.79
2022-03-01 11:25:00,43511.5,43600.0,43511.5,43595.0,60.225
2022-03-01 11:26:00,43595.0,43926.0,43594.5,43721.0,810.826
2022-03-01 11:27:00,43721.0,43727.0,43615.5,43634.5,208.586
2022-03-01 11:28:00,43634.5,43635.0,43494.5,43511.0,250.519
2022-03-01 11:29:00,43511.0,43544.0,43468.0,43544.0,102.614
2022-03-01 11:30:00,43544.0,43679.0,43543.5,43636.5,144.323
2022-03-01 11:31:00,43636.5,43637.0,43570.5,43627.5,62.493
2022-03-01 11:33:00,43583.0,43586.0,43567.0,43586.0,37.068
2022-03-01 11:34:00,43586.0,43586.0,43570.0,43583.5,62.571
2022-03-01 11:35:00,43583.5,43584.0,43534.5,43547.0,50.698
2022-03-01 11:36:00,43547.0,43570.5,43547.0,43570.5,48.582
2022-03-01 11:37:00,43570.5,43590.0,43570.0,43577.0,37.694
2022-03-01 11:38:00,43577.0,43577.0,43576.5,43576.5,13.63
2022-03-01 11:39:00,43576.5,43589.0,43576.5,43589.0,21.599
2022-03-01 11:40:00,43589.0,43600.0,43574.0,43574.0,50.566
2022-03-01 11:41:00,43574.0,43574.5,43500.0,43500.5,98.132
2022-03-01 11:42:00,43500.5,43500.5,43442.0,43486.0,80.204
2022-03-01 11:44:00,43496.5,43496.5,43475.0,43475.5,32.173
2022-03-01 11:45:00,43475.5,43475.5,43475.0,43475.5,29.017
2022-03-01 11:46:00,43475.5,43475.5,43395.0,43413.5,117.207
2022-03-01 11:47:00,43413.5,43414.0,43374.5,43399.5,59.984
2022-03-01 11:48:00,43399.5,43414.0,43368.5,43369.5,82.775
2022-03-01 11:49:00,43369.5,43585.5,43353.0,43501.0,491.26
2022-03-01 11:50:00,43501.0,43587.5,43500.5,43576.0,132.772
2022-03-01 11:51:00,43576.0,43576.0,43549.5,43560.0,24.578
2022-03-01 11:52:00,43560.0,43560.5,43513.0,43513.5,21.237
2022-03-01 11:53:00,43513.5,43517.0,43480.0,43485.0,36.828
2022-03-01 11:55:00,43473.5,43473.5,43454.0,43462.0,43.209
2022-03-01 11:56:00,43462.0,43518.0,43461.5,43510.0,43.015
2022-03-01 11:57:00,43510.0,43560.0,43509.5,43543.5,34.513
2022-03-01 11:58:00,43543.5,43573.0,43543.5,43572.5,27.186
2022-03-01 11:59:00,43572.5,43580.0,43572.5,43579.5,19.185
2022-03-01 12:00:00,43579.5,43632.0,43556.0,43609.5,112.782
2022-03-01 12:01:00,43609.5,43609.5,43609.0,43609.5,40.072
2022-03-01 12:02:00,43609.5,43648.5,43609.0,43640.0,49.214
2022-03-01 12:03:00,43640.0,43640.5,43623.0,43623.5,34.297
2022-03-01 12:04:00,43623.5,43638.5,43623.0,43638.5,42.117
2022-03-01 12:06:00,43636.0,43650.0,43635.5,43650.0,36.2
2022-03-01 12:07:00,43650.0,43712.0,43649.5,43661.5,112.305
2022-03-01 12:08:00,43661.5,43678.0,43585.5,43678.0,85.515
2022-03-01 12:09:00,43678.0,43687.0,43664.0,43687.0,61.348
2022-03-01 12:10:00,43687.0,43777.0,43686.5,43764.0,181.288
2022-03-01 12:11:00,43764.0,43855.0,43764.0,43852.5,370.881
2022-03-01 12:12:00,43852.5,43891.0,43818.0,43818.0,166.414
2022-03-01 12:13:00,43818.0,44005.0,43816.0,43967.5,445.03
2022-03-01 12:14:00,43967.5,43969.0,43868.0,43916.5,216.051
2022-03-01 12:15:00,43916.5,43941.5,43845.0,43864.5,162.945
2022-03-01 12:17:00,44111.0,44285.0,44055.0,44122.5,577.726
2022-03-01 12:18:00,44122.5,44250.0,44122.5,44158.5,311.57
2022-03-01 12:19:00,44158.5,44238.5,44143.5,44188.0,165.731
2022-03-01 12:20:00,44188.0,44274.5,44187.5,44259.5,145.813
2022-03-01 12:21:00,44259.5,44260.0,44198.0,44229.0,201.108
2022-03-01 12:22:00,44229.0,44324.5,44150.0,44264.5,434.054
2022-03-01 12:23:00,44264.5,44430.0,44264.0,44365.0,660.705
2022-03-01 12:24:00,44365.0,44423.0,44365.0,44403.5,233.267
2022-03-01 12:25:00,44403.5,44407.5,44362.5,44366.0,181.197
2022-03-01 12:26:00,44366.0,44366.0,44255.5,44319.0,289.976
2022-03-01 12:28:00,44364.5,44483.0,44364.5,44483.0,269.83
2022-03-01 12:29:00,44483.0,44515.0,44453.0,44453.0,261.277
2022-03-01 12:30:00,44453.0,44453.5,44321.0,44427.5,209.183
2022-03-01 12:31:00,44427.5,44427.5,44315.5,44328.5,155.358
2022-03-01 12:32:00,44328.5,44329.0,44222.0,44259.5,202.344
2022-03-01 12:33:00,44259.5,44260.0,44060.5,44201.5,535.369
2022-03-01 12:34:00,44201.5,44230.0,44100.0,44218.5,163.299
2022-03-01 12:35:00,44218.5,44282.5,44215.0,44219.0,124.963
2022-03-01 12:36:00,44219.0,44284.5,44219.0,44265.0,91.53
2022-03-01 12:37:00,44265.0,44274.0,44237.5,44237.5,90.074
2022-03-01 12:39:00,44163.5,44186.0,44096.5,44159.5,193.115
2022-03-01 12:40:00,44159.5,44180.0,44159.0,44169.0,55.571
2022-03-01 12:41:00,44169.0,44234.5,44168.5,44234.0,79.246
2022-03-01 12:42:00,44234.0,44286.5,44218.0,44286.0,100.058
2022-03-01 12:43:00,44286.0,44365.5,44272.0,44327.5,212.434
2022-03-01 12:44:00,44327.5,44328.0,44303.0,44303.5,68.104
2022-03-01 12:45:00,44303.5,44303.5,44226.0,44259.0,88.067
2022-03-01 12:46:00,44259.0,44352.5,44258.5,44352.0,74.43
2022-03-01 12:47:00,44352.0,44500.0,44352.0,44492.5,183.308
2022-03-01 12:48:00,44492.5,44590.5,44466.0,44485.5,630.465
2022-03-01 12:50:00,44376.5,44449.0,44376.0,44415.5,104.699
2022-03-01 12:51:00,44415.5,44550.0,44415.5,44509.5,111.742
2022-03-01 12:52:00,44509.5,44510.0,44466.5,44488.0,83.025
2022-03-01 12:53:00,44488.0,44545.0,44488.0,44545.0,92.304
2022-03-01 12:54:00,44545.0,44694.5,44467.5,44467.5,484.758
2022-03-01 12:55:00,44467.5,44534.5,44467.5,44496.5,110.601
2022-03-01 12:56:00,44496.5,44602.0,44496.5,44601.5,137.243
2022-03-01 12:57:00,44601.5,44613.0,44555.0,44612.5,81.011
2022-03-01 12:58:00,44612.5,44613.0,44599.5,44599.5,83.622
2022-03-01 12:59:00,44599.5,44613.0,44523.0,44613.0,94.318
2022-03-01 13:01:00,44577.5,44624.0,44565.5,44624.0,85.491
2022-03-01 13:02:00,44624.0,44754.5,44606.0,44617.0,317.327
2022-03-01 13:03:00,44617.0,44791.0,44616.5,44760.5,314.968
2022-03-01 13:04:00,44760.5,44842.5,44760.0,44841.0,306.366
2022-03-01 13:05:00,44841.0,44900.0,44763.5,44804.0,428.06
2022-03-01 13:06:00,44804.0,44880.0,44794.0,44796.0,336.213
2022-03-01 13:07:00,44796.0,44825.5,44648.5,44709.0,350.594
2022-03-01 13:08:00,44709.0,44715.0,44638.0,44700.0,186.782
2022-03-01 13:09:00,44700.0,44726.5,44672.5,44726.0,84.128
2022-03-01 13:10:00,44726.0,44780.5,44690.0,44719.5,149.803
2022-03-01 13:12:00,44700.0,44700.5,44676.5,44676.5,59.402
2022-03-01 13:13:00,44676.5,44677.0,44626.0,44626.5,144.397
2022-03-01 13:14:00,44626.5,44626.5,44594.0,44625.0,151.338
2022-03-01 13:15:00,44625.0,44717.0,44625.0,44702.0,104.735
2022-03-01 13:16:00,44702.0,44720.0,44660.5,44666.0,138.013
2022-03-01 13:17:00,44666.0,44666.0,44540.0,44564.5,146.396
2022-03-01 13:18:00,44564.5,44578.0,44484.5,44545.0,222.461
2022-03-01 13:19:00,44545.0,44613.0,44545.0,44599.0,59.841
2022-03-01 13:20:00,44599.0,44599.5,44509.0,44509.5,93.23
2022-03-01 13:21:00,44509.5,44540.0,44484.5,44519.5,99.002
2022-03-01 13:23:00,44470.0,44550.0,44461.0,44493.0,149.263
2022-03-01 13:24:00,44493.0,44493.5,44478.0,44487.0,48.79
2022-03-01 13:25:00,44487.0,44540.0,44467.0,44538.0,73.724
2022-03-01 13:26:00,44538.0,44540.0,44527.5,44528.0,91.427
2022-03-01 13:27:00,44528.0,44528.0,44517.5,44518.0,52.862
2022-03-01 13:28:00,44518.0,44657.0,44517.5,44558.5,233.663
2022-03-01 13:29:00,44558.5,44586.5,44475.0,44496.5,230.038
2022-03-01 13:30:00,44496.5,44510.0,44495.0,44495.5,63.404
2022-03-01 13:31:00,44495.5,44496.0,44441.5,44469.0,126.654
2022-03-01 13:32:00,44469.0,44549.0,44469.0,44546.5,106.838
2022-03-01 13:34:00,44599.5,44635.5,44599.0,44635.5,123.767
2022-03-01 13:35:00,44635.5,44635.5,44580.0,44608.0,101.854
2022-03-01 13:36:00,44608.0,44635.0,44552.0,44555.5,150.829
2022-03-01 13:37:00,44555.5,44556.0,44514.0,44514.5,49.646
2022-03-01 13:38:00,44514.5,44539.5,44475.0,44475.5,64.353
2022-03-01 13:39:00,44475.5,44480.0,44449.0,44449.0,85.046
2022-03-01 13:40:00,44449.0,44479.5,44449.0,44479.5,61.971
2022-03-01 13:41:00,44479.5,44479.5,44479.0,44479.0,21.047
2022-03-01 13:42:00,44479.0,44479.5,44479.0,44479.0,23.164
2022-03-01 13:43:00,44479.0,44518.5,44479.0,44500.0,118.521
2022-03-01 13:45:00,44461.5,44507.5,44461.0,44507.5,96.728
2022-03-01 13:46:00,44507.5,44530.0,44500.0,44509.5,50.248
2022-03-01 13:47:00,44509.5,44550.0,44509.5,44550.0,26.238
2022-03-01 13:48:00,44550.0,44562.0,44536.5,44537.0,41.224
2022-03-01 13:49:00,44537.0,44562.0,44536.5,44545.0,47.52
2022-03-01 13:50:00,44545.0,44562.5,44545.0,44562.5,36.873
2022-03-01 13:51:00,44562.5,44612.5,44562.0,44593.0,223.606
2022-03-01 13:52:00,44593.0,44603.5,44570.0,44603.0,88.295
2022-03-01 13:53:00,44603.0,44649.5,44603.0,44645.5,86.965
2022-03-01 13:54:00,44645.5,44645.5,44636.5,44637.5,43.418
2022-03-01 13:56:00,44570.0,44597.0,44569.5,44597.0,39.088
2022-03-01 13:57:00,44597.0,44631.5,44540.0,44540.5,114.419
2022-03-01 13:58:00,44540.5,44540.5,44460.0,44485.5,195.318
2022-03-01 13:59:00,44485.5,44485.5,44356.0,44391.5,301.26
2022-03-01 14:00:00,44391.5,44457.5,44328.0,44438.5,317.999
2022-03-01 14:01:00,44438.5,44526.5,44438.5,44526.5,95.999
2022-03-01 14:02:00,44526.5,44563.5,44526.0,44563.5,73.619
2022-03-01 14:03:00,44563.5,44563.5,44521.5,44521.5,92.815
2022-03-01 14:04:00,44521.5,44553.0,44505.5,44538.0,61.416
2022-03-01 14:05:00,44538.0,44556.0,44537.5,44554.0,33.433
2022-03-01 14:07:00,44500.5,44500.5,44463.5,44499.5,45.47
2022-03-01 14:08:00,44499.5,44500.0,44481.5,44482.0,14.38
2022-03-01 14:09:00,44482.0,44482.0,44450.5,44455.0,23.714
2022-03-01 14:10:00,44455.0,44466.0,44455.0,44466.0,25.029
2022-03-01 14:11:00,44466.0,44519.0,44465.5,44519.0,43.037
2022-03-01 14:12:00,44519.0,44550.0,44518.5,44550.0,38.793
2022-03-01 14:13:00,44550.0,44550.0,44528.5,44529.0,15.247
2022-03-01 14:14:00,44529.0,44540.0,44528.5,44540.0,14.421
2022-03-01 14:15:00,44540.0,44626.0,44539.5,44622.5,131.819
2022-03-01 14:16:00,44622.5,44637.0,44575.0,44575.5,96.187
2022-03-01 14:18:00,44559.0,44559.0,44537.0,44549.5,33.6
2022-03-01 14:19:00,44549.5,44587.0,44549.5,44586.5,22.224
2022-03-01 14:20:00,44586.5,44604.0,44563.0,44563.0,40.121
2022-03-01 14:21:00,44563.0,44563.5,44511.5,44511.5,50.753
2022-03-01 14:22:00,44511.5,44511.5,44461.0,44475.5,61.899
2022-03-01 14:23:00,44475.5,44498.0,44475.5,44479.0,43.629
2022-03-01 14:24:00,44479.0,44503.5,44478.5,44503.0,45.572
2022-03-01 14:25:00,44503.0,44542.0,44489.5,44542.0,35.257
2022-03-01 14:26:00,44542.0,44545.0,44531.0,44531.0,15.035
2022-03-01 14:27:00,44531.0,44542.0,44492.0,44492.5,27.11
2022-03-01 14:29:00,44460.0,44460.5,44438.5,44439.0,49.194
2022-03-01 14:30:00,44439.0,44508.5,44438.5,44496.0,102.476
2022-03-01 14:31:00,44496.0,44522.0,44451.0,44451.0,98.658
2022-03-01 14:32:00,44451.0,44451.5,44160.0,44160.0,704.348
2022-03-01 14:33:00,44160.0,44169.5,43700.0,43928.5,1698.252
2022-03-01 14:34:00,43928.5,44045.5,43863.5,43953.5,475.108
2022-03-01 14:35:00,43953.5,44163.0,43953.5,44007.5,486.839
2022-03-01 14:36:00,44007.5,44099.5,43938.0,44099.0,240.409
2022-03-01 14:37:00,44099.0,44191.0,44097.5,44126.5,317.367
2022-03-01 14:38:00,44126.5,44259.0,44102.5,44207.5,186.648
2022-03-01 14:40:00,44258.0,44258.5,44185.5,44185.5,163.214
2022-03-01 14:41:00,44185.5,44186.0,44071.5,44084.5,195.01
2022-03-01 14:42:00,44084.5,44176.0,44066.0,44066.0,129.875
2022-03-01 14:43:00,44066.0,44160.5,44066.0,44119.0,86.404
2022-03-01 14:44:00,44119.0,44126.0,44087.0,44125.0,94.118
2022-03-01 14:45:00,44125.0,44181.5,44047.0,44061.5,213.68
2022-03-01 14:46:00,44061.5,44074.0,43960.5,44021.0,189.452
2022-03-01 14:47:00,44021.0,44127.5,44020.0,44099.5,100.517
2022-03-01 14:48:00,44099.5,44117.5,44070.0,44070.5,60.839
2022-03-01 14:49:00,44070.5,44070.5,44039.0,44039.0,63.1
2022-03-01 14:51:00,43986.5,44020.0,43850.0,43869.5,244.893
2022-03-01 14:52:00,43869.5,43870.0,43664.5,43737.0,605.781
2022-03-01 14:53:00,43737.0,43870.5,43737.0,43849.0,232.516
2022-03-01 14:54:00,43849.0,43926.5,43822.0,43844.5,209.026
2022-03-01 14:55:00,43844.5,43864.0,43780.5,43830.5,144.202
2022-03-01 14:56:00,43830.5,43944.5,43813.0,43944.5,144.96
2022-03-01 14:57:00,43944.5,43944.5,43883.5,43897.0,95.354
2022-03-01 14:58:00,43897.0,43930.0,43880.0,43880.0,89.12
2022-03-01 14:59:00,43880.0,43919.0,43755.5,43792.0,203.543
2022-03-01 15:00:00,43792.0,43940.5,43792.0,43868.5,176.611
2022-03-01 15:02:00,43786.5,43790.0,43554.5,43583.5,462.017
2022-03-01 15:03:00,43583.5,43702.5,43464.5,43659.5,540.136
2022-03-01 15:04:00,43659.5,43745.0,43659.5,43660.0,197.799
2022-03-01 15:05:00,43660.0,43766.0,43636.0,43765.0,303.275
2022-03-01 15:06:00,43765.0,43841.0,43765.0,43785.5,274.326
2022-03-01 15:07:00,43785.5,43840.0,43773.0,43840.0,105.506
2022-03-01 15:08:00,43840.0,43846.5,43830.5,43846.0,55.843
2022-03-01 15:09:00,43846.0,43846.5,43786.0,43804.5,168.663
2022-03-01 15:10:00,43804.5,43804.5,43728.5,43728.5,88.202
2022-03-01 15:11:00,43728.5,43769.0,43683.0,43704.5,203.51
2022-03-01 15:13:00,43662.5,43720.0,43662.5,43687.0,47.035
2022-03-01 15:14:00,43687.0,43697.5,43610.0,43692.0,113.841
2022-03-01 15:15:00,43692.0,43788.0,43691.5,43788.0,70.377
2022-03-01 15:16:00,43788.0,43884.5,43787.5,43873.0,136.05
2022-03-01 15:17:00,43873.0,43949.5,43872.5,43949.5,197.382
2022-03-01 15:18:00,43949.5,44048.0,43928.0,44025.5,336.103
2022-03-01 15:19:00,44025.5,44029.5,43972.5,43974.0,70.126
2022-03-01 15:20:00,43974.0,44022.0,43973.5,43985.0,95.165
2022-03-01 15:21:00,43985.0,44012.0,43983.0,44003.5,146.277
2022-03-01 15:22:00,44003.5,44025.5,43900.5,43907.0,137.791
2022-03-01 15:24:00,43908.0,43950.0,43875.0,43903.5,58.293
2022-03-01 15:25:00,43903.5,43925.0,43885.0,43885.0,97.723
2022-03-01 15:26:00,43885.0,43900.0,43820.0,43844.5,76.334
2022-03-01 15:27:00,43844.5,43886.5,43820.0,43865.5,47.842
2022-03-01 15:28:00,43865.5,43873.0,43789.5,43825.5,69.876
2022-03-01 15:29:00,43825.5,43850.0,43795.5,43850.0,60.935
2022-03-01 15:30:00,43850.0,43873.0,43800.0,43800.5,48.164
2022-03-01 15:31:00,43800.5,43850.0,43800.0,43819.5,23.592
2022-03-01 15:32:00,43819.5,43900.0,43819.0,43900.0,50.644
2022-03-01 15:33:00,43900.0,43910.0,43840.0,43881.5,61.835
2022-03-01 15:35:00,43783.0,43794.0,43741.0,43750.5,106.915
2022-03-01 15:36:00,43750.5,43780.5,43720.5,43720.5,53.771
2022-03-01 15:37:00,43720.5,43783.0,43701.0,43739.0,177.91
2022-03-01 15:38:00,43739.0,43769.5,43739.0,43748.0,40.827
2022-03-01 15:39:00,43748.0,43750.0,43738.0,43738.0,37.258
2022-03-01 15:40:00,43738.0,43738.5,43678.0,43678.0,85.377
2022-03-01 15:41:00,43678.0,43678.5,43610.5,43634.0,151.579
2022-03-01 15:42:00,43634.0,43662.0,43565.0,43565.5,172.674
2022-03-01 15:43:00,43565.5,43567.5,43519.5,43567.5,230.072
2022-03-01 15:44:00,43567.5,43608.0,43530.0,43530.0,85.179
2022-03-01 15:46:00,43472.5,43498.0,43377.5,43397.0,287.415
2022-03-01 15:47:00,43397.0,43450.0,43332.5,43341.0,217.376
2022-03-01 15:48:00,43341.0,43400.0,43341.0,43367.0,136.298
2022-03-01 15:49:00,43367.0,43430.0,43353.5,43407.5,86.392
2022-03-01 15:50:00,43407.5,43438.0,43372.0,43405.5,84.999
2022-03-01 15:51:00,43405.5,43486.0,43405.5,43486.0,103.277
2022-03-01 15:52:00,43486.0,43487.0,43366.0,43447.0,161.799
2022-03-01 15:53:00,43447.0,43567.5,43447.0,43562.5,140.641
2022-03-01 15:54:00,43562.5,43618.0,43562.0,43618.0,156.695
2022-03-01 15:55:00,43618.0,43618.0,43541.0,43613.0,99.967
2022-03-01 15:57:00,43609.5,43609.5,43553.0,43563.5,40.928
2022-03-01 15:58:00,43563.5,43650.5,43563.5,43650.5,98.96
2022-03-01 15:59:00,43650.5,43650.5,43625.5,43626.0,34.807
2022-03-01 16:00:00,43626.0,43651.0,43600.5,43600.5,113.786
2022-03-01 16:01:00,43600.5,43601.0,43453.5,43543.5,306.115
2022-03-01 16:02:00,43543.5,43569.0,43501.0,43564.5,387.639
2022-03-01 16:03:00,43564.5,43646.0,43564.0,43634.0,173.804
2022-03-01 16:04:00,43634.0,43669.5,43613.0,43613.0,124.831
2022-03-01 16:05:00,43613.0,43615.0,43523.0,43523.0,96.078
2022-03-01 16:06:00,43523.0,43523.5,43459.0,43488.5,103.701
2022-03-01 16:08:00,43481.0,43527.0,43480.5,43527.0,47.575
2022-03-01 16:09:00,43527.0,43527.0,43429.5,43431.5,84.251
2022-03-01 16:10:00,43431.5,43547.5,43431.0,43524.5,113.489
2022-03-01 16:11:00,43524.5,43571.0,43524.5,43559.5,47.964
2022-03-01 16:12:00,43559.5,43573.0,43546.5,43573.0,37.471
2022-03-01 16:13:00,43573.0,43612.5,43556.0,43564.5,39.816
2022-03-01 16:14:00,43564.5,43629.0,43564.5,43627.5,56.881
2022-03-01 16:15:00,43627.5,43870.0,43627.0,43781.5,560.167
2022-03-01 16:16:00,43781.5,43782.0,43715.5,43743.5,179.091
2022-03-01 16:17:00,43743.5,43750.0,43722.5,43742.0,80.337
2022-03-01 16:19:00,43938.5,43963.5,43874.0,43897.5,267.369
2022-03-01 16:20:00,43897.5,43943.5,43868.0,43942.0,141.138
2022-03-01 16:21:00,43942.0,43942.0,43852.0,43852.0,136.394
2022-03-01 16:22:00,43852.0,43865.0,43852.0,43855.5,62.467
2022-03-01 16:23:00,43855.5,43925.0,43855.5,43891.5,78.652
2022-03-01 16:24:00,43891.5,43901.5,43864.5,43864.5,55.047
2022-03-01 16:25:00,43864.5,43865.0,43860.5,43860.5,15.228
2022-03-01 16:26:00,43860.5,43860.5,43825.0,43835.0,78.465
2022-03-01 16:27:00,43835.0,43835.5,43765.0,43784.5,114.499
2022-03-01 16:28:00,43784.5,43785.0,43684.0,43685.0,194.034
2022-03-01 16:30:00,43592.0,43605.0,43500.0,43560.5,159.116
2022-03-01 16:31:00,43560.5,43649.5,43491.5,43491.5,210.64
2022-03-01 16:32:00,43491.5,43492.0,43423.0,43432.0,192.139
2022-03-01 16:33:00,43432.0,43462.5,43354.0,43376.0,216.214
2022-03-01 16:34:00,43376.0,43446.0,43340.0,43400.0,134.556
2022-03-01 16:35:00,43400.0,43428.0,43350.0,43370.0,132.855
2022-03-01 16:36:00,43370.0,43428.0,43370.0,43420.0,79.723
2022-03-01 16:37:00,43420.0,43477.0,43419.5,43477.0,75.748
2022-03-01 16:38:00,43477.0,43500.0,43442.0,43461.5,73.076
2022-03-01 16:39:00,43461.5,43499.5,43461.0,43474.0,41.571
2022-03-01 16:41:00,43502.0,43502.5,43429.0,43442.5,43.167
2022-03-01 16:42:00,43442.5,43475.5,43442.5,43475.5,16.843
2022-03-01 16:43:00,43475.5,43475.5,43428.5,43428.5,93.249
2022-03-01 16:44:00,43428.5,43472.0,43428.5,43453.5,52.794
2022-03-01 16:45:00,43453.5,43454.0,43300.0,43324.0,221.101
2022-03-01 16:46:00,43324.0,43355.0,43300.0,43320.0,113.616
2022-03-01 16:47:00,43320.0,43320.5,43300.0,43305.0,60.169
2022-03-01 16:48:00,43305.0,43362.5,43305.0,43346.0,60.485
2022-03-01 16:49:00,43346.0,43346.5,43305.5,43320.0,47.402
2022-03-01 16:50:00,43320.0,43346.5,43251.0,43251.0,186.044
2022-03-01 16:52:00,43331.0,43422.5,43330.5,43348.0,134.535
2022-03-01 16:53:00,43348.0,43377.5,43317.0,43317.0,51.29
2022-03-01 16:54:00,43317.0,43335.0,43302.5,43323.5,31.367
2022-03-01 16:55:00,43323.5,43344.5,43258.0,43259.5,72.008
2022-03-01 16:56:00,43259.5,43265.0,43202.0,43238.0,136.87
2022-03-01 16:57:00,43238.0,43368.5,43237.5,43365.0,66.137
2022-03-01 16:58:00,43365.0,43401.5,43354.5,43360.5,66.194
2022-03-01 16:59:00,43360.5,43371.0,43356.0,43371.0,39.538
2022-03-01 17:00:00,43371.0,43418.5,43360.0,43370.5,151.899
2022-03-01 17:01:00,43370.5,43441.0,43370.0,43441.0,82.545
2022-03-01 17:03:00,43390.0,43398.5,43366.0,43398.5,34.076
2022-03-01 17:04:00,43398.5,43398.5,43278.5,43278.5,105.352
2022-03-01 17:05:00,43278.5,43328.5,43278.5,43312.0,46.299
2022-03-01 17:06:00,43312.0,43339.0,43290.0,43338.5,123.434
2022-03-01 17:07:00,43338.5,43339.0,43279.5,43280.0,41.069
2022-03-01 17:08:00,43280.0,43341.5,43238.0,43341.5,122.058
2022-03-01 17:09:00,43341.5,43378.5,43341.0,43369.0,41.562
2022-03-01 17:10:00,43369.0,43369.0,43345.0,43356.0,26.686
2022-03-01 17:11:00,43356.0,43398.5,43356.0,43367.5,29.685
2022-03-01 17:12:00,43367.5,43370.5,43340.0,43370.5,41.104
2022-03-01 17:14:00,43360.0,43454.5,43360.0,43454.0,54.097
2022-03-01 17:15:00,43454.0,43454.5,43418.0,43442.0,90.943
2022-03-01 17:16:00,43442.0,43487.0,43424.0,43485.0,44.532
2022-03-01 17:17:00,43485.0,43530.0,43485.0,43500.5,111.174
2022-03-01 17:18:00,43500.5,43520.0,43499.5,43520.0,151.446
2022-03-01 17:19:00,43520.0,43520.5,43491.0,43507.5,29.478
2022-03-01 17:20:00,43507.5,43522.5,43503.0,43503.5,39.385
2022-03-01 17:21:00,43503.5,43510.0,43492.5,43493.0,53.729
2022-03-01 17:22:00,43493.0,43526.0,43462.5,43512.5,51.953
2022-03-01 17:23:00,43512.5,43526.0,43484.5,43505.0,21.804
2022-03-01 17:25:00,43485.0,43485.0,43467.5,43467.5,12.017
2022-03-01 17:26:00,43467.5,43467.5,43430.0,43432.0,35.439
2022-03-01 17:27:00,43432.0,43483.5,43414.0,43483.5,38.302
2022-03-01 17:28:00,43483.5,43483.5,43454.0,43454.0,19.771
2022-03-01 17:29:00,43454.0,43465.0,43444.5,43445.0,15.233
2022-03-01 17:30:00,43445.0,43445.0,43412.5,43412.5,22.237
2022-03-01 17:31:00,43412.5,43426.0,43378.0,43426.0,65.574
2022-03-01 17:32:00,43426.0,43438.0,43391.5,43437.5,22.706
2022-03-01 17:33:00,43437.5,43503.0,43437.5,43502.5,35.706
2022-03-01 17:34:00,43502.5,43532.0,43496.5,43532.0,22.764
2022-03-01 17:36:00,43521.0,43521.0,43501.5,43501.5,11.924
2022-03-01 17:37:00,43501.5,43550.0,43501.5,43536.0,109.493
2022-03-01 17:38:00,43536.0,43536.0,43535.5,43536.0,17.41
2022-03-01 17:39:00,43536.0,43550.0,43535.5,43550.0,16.308
2022-03-01 17:40:00,43550.0,43550.0,43535.5,43535.5,19.128
2022-03-01 17:41:00,43535.5,43541.0,43535.5,43541.0,7.626
2022-03-01 17:42:00,43541.0,43550.0,43540.0,43540.5,15.862
2022-03-01 17:43:00,43540.5,43540.5,43503.0,43523.0,31.099
2022-03-01 17:44:00,43523.0,43536.0,43523.0,43536.0,8.574
2022-03-01 17:45:00,43536.0,43549.0,43536.0,43548.5,9.278
2022-03-01 17:47:00,43545.0,43575.0,43545.0,43550.0,39.88
2022-03-01 17:48:00,43550.0,43645.0,43550.0,43645.0,64.914
2022-03-01 17:49:00,43645.0,43750.0,43642.5,43721.0,147.167
2022-03-01 17:50:00,43721.0,43825.0,43720.5,43801.5,264.652
2022-03-01 17:51:00,43801.5,43857.0,43770.0,43812.0,378.184
2022-03-01 17:52:00,43812.0,43812.0,43748.0,43750.0,89.624
2022-03-01 17:53:00,43750.0,43750.5,43680.0,43680.0,57.012
2022-03-01 17:54:00,43680.0,43680.5,43677.0,43677.0,49.744
2022-03-01 17:55:00,43677.0,43677.5,43601.5,43605.5,74.677
2022-03-01 17:56:00,43605.5,43605.5,43581.5,43582.5,32.949
2022-03-01 17:58:00,43602.0,43610.0,43601.5,43609.5,17.006
2022-03-01 17:59:00,43609.5,43649.0,43609.5,43634.0,57.22
2022-03-01 18:00:00,43634.0,43661.0,43594.5,43660.5,38.268
2022-03-01 18:01:00,43660.5,43718.0,43660.5,43685.0,60.466
2022-03-01 18:02:00,43685.0,43685.0,43600.0,43610.0,21.989
2022-03-01 18:03:00,43610.0,43610.0,43580.5,43592.0,15.799
2022-03-01 18:04:00,43592.0,43610.0,43592.0,43600.5,27.458
2022-03-01 18:05:00,43600.5,43605.5,43594.5,43599.0,10.13
2022-03-01 18:06:00,43599.0,43599.5,43555.5,43565.5,26.92
2022-03-01 18:07:00,43565.5,43566.0,43503.5,43503.5,49.463
2022-03-01 18:09:00,43532.0,43549.5,43516.5,43549.5,32.433
2022-03-01 18:10:00,43549.5,43549.5,43477.0,43481.5,22.077
2022-03-01 18:11:00,43481.5,43496.5,43432.5,43437.5,65.958
2022-03-01 18:12:00,43437.5,43496.5,43437.5,43496.0,35.199
2022-03-01 18:13:00,43496.0,43513.5,43496.0,43510.5,17.53
2022-03-01 18:14:00,43510.5,43510.5,43476.0,43500.0,15.071
2022-03-01 18:15:00,43500.0,43500.0,43476.0,43494.0,10.676
2022-03-01 18:16:00,43494.0,43515.5,43493.5,43515.0,12.26
2022-03-01 18:17:00,43515.0,43525.5,43515.0,43525.0,32.369
2022-03-01 18:18:00,43525.0,43550.0,43525.0,43546.0,23.812
2022-03-01 18:20:00,43529.0,43570.0,43528.5,43565.0,21.578
2022-03-01 18:21:00,43565.0,43575.5,43565.0,43575.5,6.151
2022-03-01 18:22:00,43575.5,43575.5,43570.5,43575.0,15.551
2022-03-01 18:23:00,43575.0,43575.0,43571.0,43571.0,4.685
2022-03-01 18:24:00,43571.0,43571.5,43530.5,43530.5,8.416
2022-03-01 18:25:00,43530.5,43530.5,43490.5,43490.5,24.851
2022-03-01 18:26:00,43490.5,43531.0,43474.5,43530.5,29.269
2022-03-01 18:27:00,43530.5,43545.5,43500.0,43545.0,14.305
2022-03-01 18:28:00,43545.0,43545.0,43515.5,43519.5,4.655
2022-03-01 18:29:00,43519.5,43520.0,43507.0,43507.5,8.82
2022-03-01 18:31:00,43596.5,43625.0,43583.0,43608.5,42.354
2022-03-01 18:32:00,43608.5,43609.0,43568.0,43582.5,46.864
2022-03-01 18:33:00,43582.5,43617.0,43556.0,43617.0,20.063
2022-03-01 18:34:00,43617.0,43652.0,43603.0,43627.5,38.341
2022-03-01 18:35:00,43627.5,43674.0,43627.5,43673.0,45.76
2022-03-01 18:36:00,43673.0,43720.0,43672.5,43710.5,102.717
2022-03-01 18:37:00,43710.5,43716.5,43700.0,43716.0,45.804
2022-03-01 18:38:00,43716.0,43732.0,43700.0,43732.0,53.088
2022-03-01 18:39:00,43732.0,43732.0,43722.0,43722.0,44.058
2022-03-01 18:40:00,43722.0,43728.0,43700.0,43710.0,40.573
2022-03-01 18:42:00,43717.5,43717.5,43685.0,43685.5,29.711
2022-03-01 18:43:00,43685.5,43686.0,43675.0,43685.5,45.785
2022-03-01 18:44:00,43685.5,43735.0,43685.5,43734.0,39.695
2022-03-01 18:45:00,43734.0,43874.5,43734.0,43828.5,127.888
2022-03-01 18:46:00,43828.5,43842.5,43799.5,43817.5,108.419
2022-03-01 18:47:00,43817.5,43870.5,43800.0,43800.0,32.869
2022-03-01 18:48:00,43800.0,43800.5,43752.5,43752.5,22.367
2022-03-01 18:49:00,43752.5,43767.0,43752.0,43766.5,37.217
2022-03-01 18:50:00,43766.5,43784.0,43766.5,43784.0,23.067
2022-03-01 18:51:00,43784.0,43793.0,43780.0,43790.0,22.414
2022-03-01 18:53:00,43759.5,43763.0,43742.5,43745.5,19.441
2022-03-01 18:54:00,43745.5,43766.0,43745.0,43765.5,21.326
2022-03-01 18:55:00,43765.5,43781.0,43765.5,43781.0,7.062
2022-03-01 18:56:00,43781.0,43839.5,43781.0,43825.5,34.333
2022-03-01 18:57:00,43825.5,43856.0,43819.0,43845.0,102.557
2022-03-01 18:58:00,43845.0,43845.5,43813.0,43813.0,12.155
2022-03-01 18:59:00,43813.0,43813.5,43791.0,43791.0,21.188
2022-03-01 19:00:00,43791.0,43800.0,43790.5,43790.5,37.785
2022-03-01 19:01:00,43790.5,43791.0,43740.0,43740.0,51.129
2022-03-01 19:02:00,43740.0,43740.5,43740.0,43740.0,8.889
2022-03-01 19:04:00,43753.5,43774.5,43753.5,43769.5,15.33
2022-03-01 19:05:00,43769.5,43779.0,43750.0,43778.5,21.619
2022-03-01 19:06:00,43778.5,43800.0,43778.5,43799.5,14.935
2022-03-01 19:07:00,43799.5,43799.5,43781.5,43796.5,13.673
2022-03-01 19:08:00,43796.5,43800.0,43791.5,43792.0,4.742
2022-03-01 19:09:00,43792.0,43792.0,43776.5,43780.0,15.174
2022-03-01 19:10:00,43780.0,43785.0,43750.0,43765.5,19.118
2022-03-01 19:11:00,43765.5,43765.5,43665.0,43673.0,52.924
2022-03-01 19:12:00,43673.0,43702.0,43673.0,43702.0,13.002
2022-03-01 19:13:00,43702.0,43702.0,43701.5,43701.5,5.893
2022-03-01 19:15:00,43692.5,43747.0,43692.5,43746.5,13.909
2022-03-01 19:16:00,43746.5,43748.0,43690.5,43707.5,101.539
2022-03-01 19:17:00,43707.5,43776.5,43648.0,43776.5,36.292
2022-03-01 19:18:00,43776.5,43824.0,43776.5,43820.5,61.505
2022-03-01 19:19:00,43820.5,43828.0,43818.0,43828.0,69.532
2022-03-01 19:20:00,43828.0,43875.0,43810.0,43810.0,55.168
2022-03-01 19:21:00,43810.0,43825.0,43810.0,43824.5,9.637
2022-03-01 19:22:00,43824.5,43925.0,43824.5,43921.5,75.974
2022-03-01 19:23:00,43921.5,43962.0,43921.0,43959.5,175.651
2022-03-01 19:24:00,43959.5,43975.0,43959.5,43970.0,78.123
2022-03-01 19:26:00,43970.5,43985.0,43970.0,43971.0,196.45
2022-03-01 19:27:00,43971.0,43985.0,43935.0,43985.0,63.316
2022-03-01 19:28:00,43985.0,43995.0,43969.5,43994.5,226.473
2022-03-01 19:29:00,43994.5,43995.0,43915.0,43925.0,50.129
2022-03-01 19:30:00,43925.0,43925.5,43876.5,43888.5,46.386
2022-03-01 19:31:00,43888.5,43890.0,43876.0,43876.5,7.968
2022-03-01 19:32:00,43876.5,43876.5,43808.0,43829.0,67.55
2022-03-01 19:33:00,43829.0,43836.0,43800.0,43800.0,23.69
2022-03-01 19:34:00,43800.0,43800.5,43800.0,43800.0,14.536
2022-03-01 19:35:00,43800.0,43821.5,43800.0,43810.0,13.586
2022-03-01 19:37:00,43761.5,43762.0,43755.5,43755.5,17.149
2022-03-01 19:38:00,43755.5,43851.0,43755.5,43851.0,35.16
2022-03-01 19:39:00,43851.0,43851.0,43808.5,43809.0,19.344
2022-03-01 19:40:00,43809.0,43816.5,43808.5,43809.0,4.134
2022-03-01 19:41:00,43809.0,43809.0,43780.0,43780.5,14.761
2022-03-01 19:42:00,43780.5,43820.0,43780.0,43816.5,14.159
2022-03-01 19:43:00,43816.5,43817.0,43780.0,43781.0,12.016
2022-03-01 19:44:00,43781.0,43810.0,43781.0,43809.5,15.089
2022-03-01 19:45:00,43809.5,43810.0,43802.5,43804.0,7.987
2022-03-01 19:46:00,43804.0,43804.0,43758.0,43775.5,11.695
2022-03-01 19:48:00,43780.5,43780.5,43729.5,43730.0,23.124
2022-03-01 19:49:00,43730.0,43730.0,43715.0,43715.0,9.941
2022-03-01 19:50:00,43715.0,43715.5,43679.5,43680.5,50.881
2022-03-01 19:51:00,43680.5,43681.0,43671.0,43671.5,30.571
2022-03-01 19:52:00,43671.5,43671.5,43654.0,43665.0,23.023
2022-03-01 19:53:00,43665.0,43665.5,43665.0,43665.5,7.238
2022-03-01 19:54:00,43665.5,43665.5,43625.0,43653.0,37.577
2022-03-01 19:55:00,43653.0,43707.5,43653.0,43682.5,126.697
2022-03-01 19:56:00,43682.5,43682.5,43658.0,43658.5,18.89
2022-03-01 19:57:00,43658.5,43658.5,43655.0,43655.0,2.722
2022-03-01 19:59:00,43675.0,43680.0,43675.0,43680.0,11.953
2022-03-01 20:00:00,43680.0,43747.0,43664.0,43732.5,47.784
2022-03-01 20:01:00,43732.5,43750.0,43689.0,43712.5,47.336
2022-03-01 20:02:00,43712.5,43760.0,43705.5,43748.5,22.178
2022-03-01 20:03:00,43748.5,43756.0,43742.0,43755.5,7.896
2022-03-01 20:04:00,43755.5,43810.5,43747.0,43810.5,22.621
2022-03-01 20:05:00,43810.5,43895.0,43810.5,43873.0,107.997
2022-03-01 20:06:00,43873.0,43925.0,43872.5,43897.0,38.266
2022-03-01 20:07:00,43897.0,43967.0,43878.5,43878.5,81.794
2022-03-01 20:08:00,43878.5,43879.0,43825.0,43825.0,10.755
2022-03-01 20:10:00,43750.0,43769.0,43695.5,43704.0,43.945
2022-03-01 20:11:00,43704.0,43715.0,43688.0,43715.0,16.773
2022-03-01 20:12:00,43715.0,43768.0,43713.0,43740.0,24.656
2022-03-01 20:13:00,43740.0,43865.0,43740.0,43857.0,23.678
2022-03-01 20:14:00,43857.0,43875.0,43833.5,43833.5,19.386
2022-03-01 20:15:00,43833.5,43923.5,43833.5,43911.0,76.264
2022-03-01 20:16:00,43911.0,43911.0,43825.5,43840.5,73.742
2022-03-01 20:17:00,43840.5,43860.0,43840.5,43841.0,18.599
2022-03-01 20:18:00,43841.0,43841.0,43778.0,43785.0,24.167
2022-03-01 20:19:00,43785.0,43822.0,43780.0,43780.0,11.227
2022-03-01 20:21:00,43764.5,43765.0,43741.5,43742.0,8.065
2022-03-01 20:22:00,43742.0,43760.0,43717.0,43760.0,48.44
2022-03-01 20:23:00,43760.0,43831.5,43759.5,43831.5,15.357
2022-03-01 20:24:00,43831.5,43857.0,43831.0,43851.0,17.777
2022-03-01 20:25:00,43851.0,43851.0,43814.5,43816.0,17.064
2022-03-01 20:26:00,43816.0,43860.5,43816.0,43858.0,8.838
2022-03-01 20:27:00,43858.0,43892.0,43857.5,43892.0,21.448
2022-03-01 20:28:00,43892.0,43949.5,43841.0,43841.0,122.292
2022-03-01 20:29:00,43841.0,43870.0,43821.0,43836.0,37.094
2022-03-01 20:30:00,43836.0,43836.0,43788.0,43788.0,24.737
2022-03-01 20:32:00,43802.0,43857.5,43801.5,43833.5,6.077
2022-03-01 20:33:00,43833.5,43865.0,43833.5,43865.0,6.355
2022-03-01 20:34:00,43865.0,43870.0,43855.0,43870.0,11.525
2022-03-01 20:35:00,43870.0,43900.0,43869.5,43882.0,8.3
2022-03-01 20:36:00,43882.0,43882.5,43857.5,43864.5,5.386
2022-03-01 20:37:00,43864.5,43900.0,43864.0,43899.5,8.566
2022-03-01 20:38:00,43899.5,43928.0,43899.5,43923.0,57.693
2022-03-01 20:39:00,43923.0,43966.5,43923.0,43962.0,24.324
2022-03-01 20:40:00,43962.0,43962.0,43922.0,43922.5,49.327
2022-03-01 20:41:00,43922.5,44081.0,43912.0,44056.0,195.395
2022-03-01 20:43:00,43994.5,43994.5,43980.0,43980.5,14.773
2022-03-01 20:44:00,43980.5,43995.0,43862.0,43862.0,32.007
2022-03-01 20:45:00,43862.0,43890.0,43830.5,43890.0,34.725
2022-03-01 20:46:00,43890.0,43890.0,43860.0,43879.0,17.064
2022-03-01 20:47:00,43879.0,43885.0,43869.5,43885.0,5.625
2022-03-01 20:48:00,43885.0,43900.0,43884.5,43900.0,7.9
2022-03-01 20:49:00,43900.0,43900.0,43884.5,43884.5,12.56
2022-03-01 20:50:00,43884.5,43884.5,43829.5,43866.0,42.073
2022-03-01 20:51:00,43866.0,43910.0,43866.0,43910.0,10.636
2022-03-01 20:52:00,43910.0,43910.0,43873.5,43874.0,18.465
2022-03-01 20:54:00,43899.5,44049.5,43899.0,44049.0,57.563
2022-03-01 20:55:00,44049.0,44049.0,43935.5,43975.0,146.959
2022-03-01 20:56:00,43975.0,44000.0,43974.5,44000.0,13.818
2022-03-01 20:57:00,44000.0,44003.0,43979.0,44002.5,21.243
2022-03-01 20:58:00,44002.5,44020.5,44002.5,44020.0,16.169
2022-03-01 20:59:00,44020.0,44039.0,44012.0,44027.5,15.972
2022-03-01 21:00:00,44027.5,44267.0,44027.5,44181.5,362.396
2022-03-01 21:01:00,44181.5,44181.5,44125.0,44125.0,67.383
2022-03-01 21:02:00,44125.0,44139.5,44109.5,44139.5,30.874
2022-03-01 21:03:00,44139.5,44148.5,44139.5,44142.5,33.844
2022-03-01 21:05:00,44161.0,44172.0,44127.5,44127.5,34.76
2022-03-01 21:06:00,44127.5,44128.0,44088.0,44090.0,40.718
2022-03-01 21:07:00,44090.0,44090.5,44035.5,44035.5,36.329
2022-03-01 21:08:00,44035.5,44036.0,44003.0,44005.5,59.79
2022-03-01 21:09:00,44005.5,44020.0,43975.0,44020.0,47.31
2022-03-01 21:10:00,44020.0,44020.0,44003.5,44003.5,24.322
2022-03-01 21:11:00,44003.5,44004.0,43979.0,43979.0,24.532
2022-03-01 21:12:00,43979.0,43994.0,43979.0,43994.0,31.219
2022-03-01 21:13:00,43994.0,43994.0,43960.5,43961.0,29.777
2022-03-01 21:14:00,43961.0,43961.0,43905.0,43917.5,44.817
2022-03-01 21:16:00,43853.5,43854.0,43753.0,43753.5,65.563
2022-03-01 21:17:00,43753.5,43816.5,43701.0,43801.0,99.545
2022-03-01 21:18:00,43801.0,43886.5,43801.0,43886.5,56.12
2022-03-01 21:19:00,43886.5,43912.5,43880.0,43912.5,25.627
2022-03-01 21:20:00,43912.5,43912.5,43825.0,43825.0,16.604
2022-03-01 21:21:00,43825.0,44030.0,43825.0,43963.0,219.678
2022-03-01 21:22:00,43963.0,44027.0,43963.0,44010.5,42.365
2022-03-01 21:23:00,44010.5,44010.5,43963.0,43963.5,21.551
2022-03-01 21:24:00,43963.5,43963.5,43942.5,43942.5,13.322
2022-03-01 21:25:00,43942.5,43992.5,43942.5,43992.5,27.008
2022-03-01 21:27:00,44000.0,44050.0,43999.5,44049.5,35.247
2022-03-01 21:28:00,44049.5,44050.0,44025.0,44025.0,16.154
2022-03-01 21:29:00,44025.0,44025.5,43970.0,43970.5,14.342
2022-03-01 21:30:00,43970.5,43995.0,43970.5,43994.5,26.384
2022-03-01 21:31:00,43994.5,43995.0,43954.0,43954.0,9.382
2022-03-01 21:32:00,43954.0,43954.5,43863.0,43863.0,28.374
2022-03-01 21:33:00,43863.0,43870.0,43852.5,43865.0,16.896
2022-03-01 21:34:00,43865.0,43870.0,43865.0,43869.5,17.659
2022-03-01 21:35:00,43869.5,43870.0,43869.5,43869.5,6.364
2022-03-01 21:36:00,43869.5,43870.0,43825.0,43825.0,22.822
2022-03-01 21:38:00,43800.0,43826.0,43800.0,43810.5,14.287
2022-03-01 21:39:00,43810.5,43819.5,43810.0,43819.0,12.759
2022-03-01 21:40:00,43819.0,43819.5,43819.0,43819.5,12.885
2022-03-01 21:41:00,43819.5,43830.0,43819.0,43820.5,10.291
2022-03-01 21:42:00,43820.5,43821.0,43782.5,43799.0,13.926
2022-03-01 21:43:00,43799.0,43799.5,43750.0,43750.0,27.864
2022-03-01 21:44:00,43750.0,43797.5,43750.0,43758.0,35.371
2022-03-01 21:45:00,43758.0,43799.5,43758.0,43786.5,18.577
2022-03-01 21:46:00,43786.5,43786.5,43775.5,43780.0,17.021
2022-03-01 21:47:00,43780.0,43830.0,43780.0,43830.0,16.046
2022-03-01 21:49:00,43815.5,43816.0,43802.5,43802.5,8.614
2022-03-01 21:50:00,43802.5,43803.0,43800.0,43800.0,56.166
2022-03-01 21:51:00,43800.0,43800.5,43738.5,43738.5,19.408
2022-03-01 21:52:00,43738.5,43739.0,43715.0,43715.0,62.486
2022-03-01 21:53:00,43715.0,43742.0,43715.0,43741.5,23.963
2022-03-01 21:54:00,43741.5,43759.0,43741.5,43756.5,13.685
2022-03-01 21:55:00,43756.5,43757.0,43756.5,43757.0,3.114
2022-03-01 21:56:00,43757.0,43799.5,43756.5,43788.0,10.09
2022-03-01 21:57:00,43788.0,43837.0,43787.5,43836.5,29.432
2022-03-01 21:58:00,43836.5,43837.0,43796.5,43803.5,22.169
2022-03-01 22:00:00,43817.5,43827.0,43809.0,43826.0,27.645
2022-03-01 22:01:00,43826.0,43826.0,43786.0,43786.0,9.104
2022-03-01 22:02:00,43786.0,43786.0,43755.0,43755.5,15.198
2022-03-01 22:03:00,43755.5,43755.5,43741.5,43741.5,20.398
2022-03-01 22:04:00,43741.5,43742.0,43738.5,43739.0,7.715
2022-03-01 22:05:00,43739.0,43739.0,43728.5,43729.0,16.9
2022-03-01 22:06:00,43729.0,43767.5,43729.0,43767.0,12.49
2022-03-01 22:07:00,43767.0,43767.5,43767.0,43767.0,14.704
2022-03-01 22:08:00,43767.0,43799.5,43767.0,43799.0,13.157
2022-03-01 22:09:00,43799.0,43799.5,43799.0,43799.5,4.64
2022-03-01 22:11:00,43767.0,43767.5,43767.0,43767.0,2.473
2022-03-01 22:12:00,43767.0,43767.5,43767.0,43767.0,15.361
2022-03-01 22:13:00,43767.0,43767.5,43767.0,43767.5,5.15
2022-03-01 22:14:00,43767.5,43787.0,43767.0,43786.5,52.9
2022-03-01 22:15:00,43786.5,43800.5,43786.5,43800.5,9.825
2022-03-01 22:16:00,43800.5,43830.0,43800.0,43830.0,21.675
2022-03-01 22:17:00,43830.0,43837.0,43829.5,43836.5,10.111
2022-03-01 22:18:00,43836.5,43836.5,43816.0,43816.5,7.056
2022-03-01 22:19:00,43816.5,43816.5,43816.0,43816.0,10.981
2022-03-01 22:20:00,43816.0,43830.0,43816.0,43830.0,10.845
2022-03-01 22:22:00,43830.0,43932.0,43829.5,43910.0,197.191
2022-03-01 22:23:00,43910.0,43910.0,43909.5,43910.0,7.859
2022-03-01 22:24:00,43910.0,43910.0,43909.5,43910.0,13.173
2022-03-01 22:25:00,43910.0,43910.0,43865.5,43866.0,29.44
2022-03-01 22:26:00,43866.0,43900.0,43865.5,43900.0,19.277
2022-03-01 22:27:00,43900.0,43901.0,43899.5,43901.0,16.368
2022-03-01 22:28:00,43901.0,43901.0,43900.5,43900.5,32.53
2022-03-01 22:29:00,43900.5,43901.0,43900.5,43901.0,27.892
2022-03-01 22:30:00,43901.0,43901.0,43900.5,43901.0,8.248
2022-03-01 22:31:00,43901.0,43901.0,43897.5,43897.5,16.755
2022-03-01 22:33:00,43893.0,43893.0,43880.5,43880.5,11.213
2022-03-01 22:34:00,43880.5,43881.0,43880.5,43881.0,17.583
2022-03-01 22:35:00,43881.0,43913.0,43880.5,43913.0,16.129
2022-03-01 22:36:00,43913.0,44050.0,43913.0,44049.5,84.003
2022-03-01 22:37:00,44049.5,44145.0,44049.5,44079.0,121.237
2022-03-01 22:38:00,44079.0,44079.5,44012.0,44012.5,44.659
2022-03-01 22:39:00,44012.5,44015.0,44012.0,44014.5,41.241
2022-03-01 22:40:00,44014.5,44130.0,44014.0,44129.5,58.512
2022-03-01 22:41:00,44129.5,44130.0,44076.0,44110.5,36.986
2022-03-01 22:42:00,44110.5,44110.5,44047.0,44047.0,59.635
2022-03-01 22:44:00,44063.5,44102.0,44063.5,44101.5,19.643
2022-03-01 22:45:00,44101.5,44102.0,44085.0,44085.0,18.015
2022-03-01 22:46:00,44085.0,44100.0,44085.0,44090.5,13.117
2022-03-01 22:47:00,44090.5,44090.5,44090.0,44090.5,2.362
2022-03-01 22:48:00,44090.5,44090.5,44040.0,44040.5,41.994
2022-03-01 22:49:00,44040.5,44057.0,44040.0,44040.0,19.588
2022-03-01 22:50:00,44040.0,44074.0,44038.0,44038.0,15.277
2022-03-01 22:51:00,44038.0,44038.5,44001.5,44026.0,23.16
2022-03-01 22:52:00,44026.0,44026.5,44020.0,44020.0,10.745
2022-03-01 22:53:00,44020.0,44054.0,44010.5,44054.0,8.347
2022-03-01 22:55:00,44100.0,44100.0,44090.5,44091.0,7.276
2022-03-01 22:56:00,44091.0,44196.5,44090.0,44156.0,69.091
2022-03-01 22:57:00,44156.0,44156.0,44139.5,44139.5,15.735
2022-03-01 22:58:00,44139.5,44154.5,44139.5,44141.5,10.45
2022-03-01 22:59:00,44141.5,44142.0,44092.5,44110.5,14.497
2022-03-01 23:00:00,44110.5,44110.5,44066.0,44066.0,20.904
2022-03-01 23:01:00,44066.0,44066.5,44064.0,44064.0,14.408
2022-03-01 23:02:00,44064.0,44066.5,44064.0,44066.5,6.653
2022-03-01 23:03:00,44066.5,44066.5,44066.0,44066.5,2.55
2022-03-01 23:04:00,44066.5,44066.5,44066.0,44066.5,24.904
2022-03-01 23:06:00,44066.5,44130.0,44066.5,44130.0,19.003
2022-03-01 23:07:00,44130.0,44183.0,44129.5,44158.0,49.46
2022-03-01 23:08:00,44158.0,44171.0,44142.0,44171.0,43.319
2022-03-01 23:09:00,44171.0,44286.0,44120.0,44134.0,213.835
2022-03-01 23:10:00,44134.0,44134.0,44057.0,44057.0,52.913
2022-03-01 23:11:00,44057.0,44071.5,44038.0,44071.0,42.444
2022-03-01 23:12:00,44071.0,44071.5,44050.0,44050.0,9.997
2022-03-01 23:13:00,44050.0,44070.5,44050.0,44070.5,12.314
2022-03-01 23:14:00,44070.5,44100.5,44070.0,44097.5,16.919
2022-03-01 23:15:00,44097.5,44134.5,44097.0,44111.0,44.834
2022-03-01 23:17:00,44077.0,44080.0,44065.0,44080.0,27.529
2022-03-01 23:18:00,44080.0,44080.0,44070.0,44080.0,18.647
2022-03-01 23:19:00,44080.0,44100.0,44080.0,44099.5,6.012
2022-03-01 23:20:00,44099.5,44126.5,44099.5,44123.0,11.975
2022-03-01 23:21:00,44123.0,44123.0,44118.5,44118.5,11.995
2022-03-01 23:22:00,44118.5,44144.5,44118.5,44144.5,9.006
2022-03-01 23:23:00,44144.5,44144.5,44144.0,44144.0,10.294
2022-03-01 23:24:00,44144.0,44144.5,44142.0,44142.0,8.187
2022-03-01 23:25:00,44142.0,44142.0,44129.0,44135.5,12.552
2022-03-01 23:26:00,44135.5,44136.0,44135.5,44136.0,1.962
2022-03-01 23:28:00,44159.5,44160.0,44159.5,44159.5,9.966
2022-03-01 23:29:00,44159.5,44160.0,44108.5,44109.0,104.922
2022-03-01 23:30:00,44109.0,44109.5,44109.0,44109.0,9.409
2022-03-01 23:31:00,44109.0,44109.5,44087.5,44109.0,28.342
2022-03-01 23:32:00,44109.0,44109.0,44074.0,44082.0,22.222
2022-03-01 23:33:00,44082.0,44122.5,44082.0,44122.5,9.804
2022-03-01 23:34:00,44122.5,44198.5,44122.5,44191.5,71.658
2022-03-01 23:35:00,44191.5,44242.5,44179.5,44234.5,45.483
2022-03-01 23:36:00,44234.5,44234.5,44191.5,44203.0,21.94
2022-03-01 23:37:00,44203.0,44232.5,44203.0,44220.5,26.811
2022-03-01 23:39:00,44300.5,44301.0,44262.0,44295.5,40.169
2022-03-01 23:40:00,44295.5,44333.5,44279.0,44325.5,60.504
2022-03-01 23:41:00,44325.5,44326.0,44269.0,44290.0,40.884
2022-03-01 23:42:00,44290.0,44290.0,44289.5,44289.5,14.804
2022-03-01 23:43:00,44289.5,44350.0,44289.5,44338.0,43.782
2022-03-01 23:44:00,44338.0,44363.0,44325.5,44363.0,40.88
2022-03-01 23:45:00,44363.0,44363.0,44325.0,44345.0,13.354
2022-03-01 23:46:00,44345.0,44351.0,44325.0,44351.0,58.749
2022-03-01 23:47:00,44351.0,44351.0,44333.5,44334.0,25.411
2022-03-01 23:48:00,44334.0,44334.0,44305.5,44306.0,63.475
2022-03-01 23:50:00,44375.5,44474.0,44375.5,44465.0,225.506
2022-03-01 23:51:00,44465.0,44473.5,44464.5,44473.0,45.582
2022-03-01 23:52:00,44473.0,44473.0,44381.0,44385.0,101.884
2022-03-01 23:53:00,44385.0,44385.0,44340.0,44340.0,42.35
2022-03-01 23:54:00,44340.0,44340.5,44340.0,44340.5,31.564
2022-03-01 23:55:00,44340.5,44341.0,44340.0,44340.5,12.131
2022-03-01 23:56:00,44340.5,44352.5,44340.5,44340.5,31.412
2022-03-01 23:57:00,44340.5,44372.5,44340.5,44372.0,117.892
2022-03-01 23:58:00,44372.0,44372.5,44372.0,44372.0,5.227
2022-03-01 23:59:00,44372.0,44389.5,44372.0,44389.5,33.001
